tx_hash,from,to,amount,asset,value_at_tx_time_usd,timestamp,vasp,confidence,explorer_url,risk_rule,chain,source_chain,destination_chain,continuation_status
0xbb51258c4a7e352678a69699a6c965a55e1a2c1c43d64f452b61ebacfc4744d9,0xb9623632c4e6de8b97b28b4ac928eaf62177d301,0x307576dd4f73f91bb8c4a2edb762938e8e067d31,0.00999895479787,ETH,historical price unavailable,2026-03-24T03:08:59Z,UNKNOWN,UNKNOWN,https://etherscan.io/tx/0xbb51258c4a7e352678a69699a6c965a55e1a2c1c43d64f452b61ebacfc4744d9,suspicious_flow,ETH,ETH,ETH,
0x16a1a284a9c09e00d970e7ec01f5b376d070e3bc1155a546d259cf31a9dc867f,0xb9623632c4e6de8b97b28b4ac928eaf62177d301,0x307576dd4f73f91bb8c4a2edb762938e8e067d31,0.009998912831365,ETH,historical price unavailable,2026-03-24T03:47:23Z,UNKNOWN,UNKNOWN,https://etherscan.io/tx/0x16a1a284a9c09e00d970e7ec01f5b376d070e3bc1155a546d259cf31a9dc867f,suspicious_flow,ETH,ETH,ETH,
0x03c0067583deebf6489e12b6a0a958876fb85dbf582e6d29da55b5f929b19429,0xb9623632c4e6de8b97b28b4ac928eaf62177d301,0x307576dd4f73f91bb8c4a2edb762938e8e067d31,0.009998868007999,ETH,historical price unavailable,2026-03-24T04:34:23Z,UNKNOWN,UNKNOWN,https://etherscan.io/tx/0x03c0067583deebf6489e12b6a0a958876fb85dbf582e6d29da55b5f929b19429,suspicious_flow,ETH,ETH,ETH,
0x2627d2d556b4c0eedcfd7df21540d26f9a88374a423bedbdc02d61435c8e315b,0xb9623632c4e6de8b97b28b4ac928eaf62177d301,0x307576dd4f73f91bb8c4a2edb762938e8e067d31,0.009998834627302,ETH,historical price unavailable,2026-03-24T05:12:11Z,UNKNOWN,UNKNOWN,https://etherscan.io/tx/0x2627d2d556b4c0eedcfd7df21540d26f9a88374a423bedbdc02d61435c8e315b,suspicious_flow,ETH,ETH,ETH,
0x3426950f35eeb0186439c70edcb39b4307061efd8dcdfa61afac8f1d0ec4ee54,0xb9623632c4e6de8b97b28b4ac928eaf62177d301,0x307576dd4f73f91bb8c4a2edb762938e8e067d31,0.009998934508384,ETH,historical price unavailable,2026-03-24T05:25:35Z,UNKNOWN,UNKNOWN,https://etherscan.io/tx/0x3426950f35eeb0186439c70edcb39b4307061efd8dcdfa61afac8f1d0ec4ee54,suspicious_flow,ETH,ETH,ETH,
0x0e4e98058296e75b9daf6f1359fb4341968a5e8465cf9152509eff1ce9478422,0xb9623632c4e6de8b97b28b4ac928eaf62177d301,0x307576dd4f73f91bb8c4a2edb762938e8e067d31,0.009999050427334,ETH,historical price unavailable,2026-03-24T05:48:59Z,UNKNOWN,UNKNOWN,https://etherscan.io/tx/0x0e4e98058296e75b9daf6f1359fb4341968a5e8465cf9152509eff1ce9478422,suspicious_flow,ETH,ETH,ETH,
0x4e7def13a9771c8c61c23c4dcba04bf9a3fd7d681540a3a6ec133fea0e4c31d9,0xb9623632c4e6de8b97b28b4ac928eaf62177d301,0x307576dd4f73f91bb8c4a2edb762938e8e067d31,0.009999034714693,ETH,historical price unavailable,2026-03-24T05:52:47Z,UNKNOWN,UNKNOWN,https://etherscan.io/tx/0x4e7def13a9771c8c61c23c4dcba04bf9a3fd7d681540a3a6ec133fea0e4c31d9,suspicious_flow,ETH,ETH,ETH,
0x2677d1d17565c62135fb939c2e84bfabce60c79a5e695bd2907293f33ac7aced,0xb9623632c4e6de8b97b28b4ac928eaf62177d301,0x307576dd4f73f91bb8c4a2edb762938e8e067d31,0.009999134014285,ETH,historical price unavailable,2026-03-24T05:55:47Z,UNKNOWN,UNKNOWN,https://etherscan.io/tx/0x2677d1d17565c62135fb939c2e84bfabce60c79a5e695bd2907293f33ac7aced,suspicious_flow,ETH,ETH,ETH,
0x354538df0ec30466ba03054b09ed6ad9c7e9ddf013dcd332ac7d21264c432ca2,0xb9623632c4e6de8b97b28b4ac928eaf62177d301,0x307576dd4f73f91bb8c4a2edb762938e8e067d31,0.009994546397965,ETH,historical price unavailable,2026-03-24T23:00:59Z,UNKNOWN,UNKNOWN,https://etherscan.io/tx/0x354538df0ec30466ba03054b09ed6ad9c7e9ddf013dcd332ac7d21264c432ca2,suspicious_flow,ETH,ETH,ETH,
0xde6f472502f3ede269860459273908cca3437ea587dcabf41a832b63f98b9787,0xb9623632c4e6de8b97b28b4ac928eaf62177d301,0xdac17f958d2ee523a2206206994597c13d831ec7,0.0,ETH,historical price unavailable,2026-03-24T23:00:59Z,UNKNOWN,UNKNOWN,https://etherscan.io/tx/0xde6f472502f3ede269860459273908cca3437ea587dcabf41a832b63f98b9787,unknown,ETH,ETH,ETH,
0xdeda2a4f97f5e31e6313b50f4b967ea98e30f23ad72565de78d8f3a68598ad0b,0xb9623632c4e6de8b97b28b4ac928eaf62177d301,0x307576dd4f73f91bb8c4a2edb762938e8e067d31,0.009998893035421,ETH,historical price unavailable,2026-03-24T23:08:47Z,UNKNOWN,UNKNOWN,https://etherscan.io/tx/0xdeda2a4f97f5e31e6313b50f4b967ea98e30f23ad72565de78d8f3a68598ad0b,suspicious_flow,ETH,ETH,ETH,
0xe5657592180748ed07d0bb056fe0a6d6a14618bc5c9edd20727c9b5639c2b51f,0xb9623632c4e6de8b97b28b4ac928eaf62177d301,0x307576dd4f73f91bb8c4a2edb762938e8e067d31,0.08779640485642597,ETH,historical price unavailable,2026-03-25T09:18:35Z,UNKNOWN,UNKNOWN,https://etherscan.io/tx/0xe5657592180748ed07d0bb056fe0a6d6a14618bc5c9edd20727c9b5639c2b51f,suspicious_flow,ETH,ETH,ETH,
0x3d2bd8225f79b1f3b7a2859f627810684371a3a22cf163c5a1bf7f4ec0bd3344,0xb9623632c4e6de8b97b28b4ac928eaf62177d301,0x307576dd4f73f91bb8c4a2edb762938e8e067d31,0.09999928135585,ETH,historical price unavailable,2026-03-25T09:39:11Z,UNKNOWN,UNKNOWN,https://etherscan.io/tx/0x3d2bd8225f79b1f3b7a2859f627810684371a3a22cf163c5a1bf7f4ec0bd3344,suspicious_flow,ETH,ETH,ETH,
0xff44e28f16a2dc083bbd7b00e5dbfc212a4e96a6f7a9eb206c5970c9dd25c9de,0xb9623632c4e6de8b97b28b4ac928eaf62177d301,0x307576dd4f73f91bb8c4a2edb762938e8e067d31,0.117611641106243,ETH,historical price unavailable,2026-03-25T09:59:23Z,UNKNOWN,UNKNOWN,https://etherscan.io/tx/0xff44e28f16a2dc083bbd7b00e5dbfc212a4e96a6f7a9eb206c5970c9dd25c9de,suspicious_flow,ETH,ETH,ETH,
0x7c48e35a5600148622b74c66dfac2e8d1ace13dd72a3a3d44945ba13c17b4b5e,0xb9623632c4e6de8b97b28b4ac928eaf62177d301,0x307576dd4f73f91bb8c4a2edb762938e8e067d31,0.010617155916835,ETH,historical price unavailable,2026-03-25T10:56:47Z,UNKNOWN,UNKNOWN,https://etherscan.io/tx/0x7c48e35a5600148622b74c66dfac2e8d1ace13dd72a3a3d44945ba13c17b4b5e,suspicious_flow,ETH,ETH,ETH,
0x05ee5063b458778be75fd27eb4abf7c763eac789fa181f47067b092dc4101298,0xb9623632c4e6de8b97b28b4ac928eaf62177d301,0x307576dd4f73f91bb8c4a2edb762938e8e067d31,0.0068988373860553,ETH,historical price unavailable,2026-03-25T11:11:23Z,UNKNOWN,UNKNOWN,https://etherscan.io/tx/0x05ee5063b458778be75fd27eb4abf7c763eac789fa181f47067b092dc4101298,suspicious_flow,ETH,ETH,ETH,
0x2f8c09db73b7fa01a6e9b945852f9d9105c3bb27c5b90add5682410b616bf261,0xb9623632c4e6de8b97b28b4ac928eaf62177d301,0x307576dd4f73f91bb8c4a2edb762938e8e067d31,0.013697647477205,ETH,historical price unavailable,2026-03-25T13:25:35Z,UNKNOWN,UNKNOWN,https://etherscan.io/tx/0x2f8c09db73b7fa01a6e9b945852f9d9105c3bb27c5b90add5682410b616bf261,suspicious_flow,ETH,ETH,ETH,
0x910cb8484d4d47b84badbb1e9c69a5b2c786ebcbabb13f6c5fa57d34f644626e,0xb9623632c4e6de8b97b28b4ac928eaf62177d301,0x307576dd4f73f91bb8c4a2edb762938e8e067d31,0.006883957058882,ETH,historical price unavailable,2026-03-25T13:41:59Z,UNKNOWN,UNKNOWN,https://etherscan.io/tx/0x910cb8484d4d47b84badbb1e9c69a5b2c786ebcbabb13f6c5fa57d34f644626e,suspicious_flow,ETH,ETH,ETH,
0x4b8d79db9734e2b92edc10ca80e97cfd593cd89efc69bffd158fec72a77d5dd1,0xb9623632c4e6de8b97b28b4ac928eaf62177d301,0x307576dd4f73f91bb8c4a2edb762938e8e067d31,0.006898487010333,ETH,historical price unavailable,2026-03-25T14:41:11Z,UNKNOWN,UNKNOWN,https://etherscan.io/tx/0x4b8d79db9734e2b92edc10ca80e97cfd593cd89efc69bffd158fec72a77d5dd1,suspicious_flow,ETH,ETH,ETH,
0x7c4b98635ffbdfe4ec480d98c6a210cd3bd75daa73de304d2c9ee0934597b1f7,0xb9623632c4e6de8b97b28b4ac928eaf62177d301,0x307576dd4f73f91bb8c4a2edb762938e8e067d31,0.29766034256285195,ETH,historical price unavailable,2026-03-26T14:45:11Z,UNKNOWN,UNKNOWN,https://etherscan.io/tx/0x7c4b98635ffbdfe4ec480d98c6a210cd3bd75daa73de304d2c9ee0934597b1f7,suspicious_flow,ETH,ETH,ETH,
0x5f2412c3544ab1f6db7492f9c94fa954fc53fcc278eec078b0273c43bdce0977,0xb9623632c4e6de8b97b28b4ac928eaf62177d301,0xa0b86991c6218b36c1d19d4a2e9eb0ce3606eb48,0.0,ETH,historical price unavailable,2026-03-26T20:26:23Z,UNKNOWN,UNKNOWN,https://etherscan.io/tx/0x5f2412c3544ab1f6db7492f9c94fa954fc53fcc278eec078b0273c43bdce0977,unknown,ETH,ETH,ETH,
0xb34bd0cef59b14044ac9008b0a05554cca9449e79031fb214eb2c84048144a57,0xb9623632c4e6de8b97b28b4ac928eaf62177d301,0x307576dd4f73f91bb8c4a2edb762938e8e067d31,0.009987980182435,ETH,historical price unavailable,2026-03-26T20:26:35Z,UNKNOWN,UNKNOWN,https://etherscan.io/tx/0xb34bd0cef59b14044ac9008b0a05554cca9449e79031fb214eb2c84048144a57,suspicious_flow,ETH,ETH,ETH,
0x503459e7d306e6dc9d3e89bb336f3be0a9cd767553f0edbdfea1d54f35dc74e7,0xb9623632c4e6de8b97b28b4ac928eaf62177d301,0x307576dd4f73f91bb8c4a2edb762938e8e067d31,0.009972238817631332,ETH,historical price unavailable,2026-03-27T16:47:11Z,UNKNOWN,UNKNOWN,https://etherscan.io/tx/0x503459e7d306e6dc9d3e89bb336f3be0a9cd767553f0edbdfea1d54f35dc74e7,suspicious_flow,ETH,ETH,ETH,
0x3185be4efe277987773646bb51700ed31c226aa0d0dda396160f940f12125b3c,0xb9623632c4e6de8b97b28b4ac928eaf62177d301,0x307576dd4f73f91bb8c4a2edb762938e8e067d31,0.049994608904717,ETH,historical price unavailable,2026-03-27T18:43:47Z,UNKNOWN,UNKNOWN,https://etherscan.io/tx/0x3185be4efe277987773646bb51700ed31c226aa0d0dda396160f940f12125b3c,suspicious_flow,ETH,ETH,ETH,
0xd98a424e290b0774af97f8d08cc2d4c8f1499f497d8fcef15b136f936fb89294,0xb9623632c4e6de8b97b28b4ac928eaf62177d301,0x307576dd4f73f91bb8c4a2edb762938e8e067d31,0.09999495079895501,ETH,historical price unavailable,2026-03-27T18:50:35Z,UNKNOWN,UNKNOWN,https://etherscan.io/tx/0xd98a424e290b0774af97f8d08cc2d4c8f1499f497d8fcef15b136f936fb89294,suspicious_flow,ETH,ETH,ETH,
0x5404b510177fce091ccfc00a0730a931aaef68dc11b448077f863084bbecd516,0xb9623632c4e6de8b97b28b4ac928eaf62177d301,0x307576dd4f73f91bb8c4a2edb762938e8e067d31,0.089997131557626,ETH,historical price unavailable,2026-03-27T18:57:59Z,UNKNOWN,UNKNOWN,https://etherscan.io/tx/0x5404b510177fce091ccfc00a0730a931aaef68dc11b448077f863084bbecd516,suspicious_flow,ETH,ETH,ETH,
0xf7e106b17352e12ba76614aa4dd288d417640391f6ec7a85e46170ce1906c7e8,0xb9623632c4e6de8b97b28b4ac928eaf62177d301,0x307576dd4f73f91bb8c4a2edb762938e8e067d31,0.19999703088557902,ETH,historical price unavailable,2026-03-27T19:12:35Z,UNKNOWN,UNKNOWN,https://etherscan.io/tx/0xf7e106b17352e12ba76614aa4dd288d417640391f6ec7a85e46170ce1906c7e8,suspicious_flow,ETH,ETH,ETH,
0x6419c32e86a687e36eddb2ca3b32281886ed5f0e038e745b6a5766b64ec493dd,0xb9623632c4e6de8b97b28b4ac928eaf62177d301,0x307576dd4f73f91bb8c4a2edb762938e8e067d31,0.19999641586550898,ETH,historical price unavailable,2026-03-27T19:20:23Z,UNKNOWN,UNKNOWN,https://etherscan.io/tx/0x6419c32e86a687e36eddb2ca3b32281886ed5f0e038e745b6a5766b64ec493dd,suspicious_flow,ETH,ETH,ETH,
0x060583c044bb172c4627f1a4fedb5d5a7e6a831cebe30deb14df46786331d826,0xb9623632c4e6de8b97b28b4ac928eaf62177d301,0x307576dd4f73f91bb8c4a2edb762938e8e067d31,0.249997285381345,ETH,historical price unavailable,2026-03-27T20:00:35Z,UNKNOWN,UNKNOWN,https://etherscan.io/tx/0x060583c044bb172c4627f1a4fedb5d5a7e6a831cebe30deb14df46786331d826,suspicious_flow,ETH,ETH,ETH,
0x6b9012ed16dbeb8813ed9b0bcdffa44ff8f7125a8dc741eddd3e9260100b2f92,0xb9623632c4e6de8b97b28b4ac928eaf62177d301,0x307576dd4f73f91bb8c4a2edb762938e8e067d31,0.069997167189313,ETH,historical price unavailable,2026-03-27T20:03:59Z,UNKNOWN,UNKNOWN,https://etherscan.io/tx/0x6b9012ed16dbeb8813ed9b0bcdffa44ff8f7125a8dc741eddd3e9260100b2f92,suspicious_flow,ETH,ETH,ETH,
0xcdeb1d98278b4433a28a25285db954aa4a6d8ac87708de240da299f7a3f2c311,0xb9623632c4e6de8b97b28b4ac928eaf62177d301,0x307576dd4f73f91bb8c4a2edb762938e8e067d31,0.499997897566856,ETH,historical price unavailable,2026-03-27T20:06:59Z,UNKNOWN,UNKNOWN,https://etherscan.io/tx/0xcdeb1d98278b4433a28a25285db954aa4a6d8ac87708de240da299f7a3f2c311,suspicious_flow,ETH,ETH,ETH,
0x1fde7dda57dba830492137c78a3dc303b87ada805ed0a114e4bd8dbb837cb0b1,0xb9623632c4e6de8b97b28b4ac928eaf62177d301,0x307576dd4f73f91bb8c4a2edb762938e8e067d31,0.099997216767835,ETH,historical price unavailable,2026-03-27T20:17:11Z,UNKNOWN,UNKNOWN,https://etherscan.io/tx/0x1fde7dda57dba830492137c78a3dc303b87ada805ed0a114e4bd8dbb837cb0b1,suspicious_flow,ETH,ETH,ETH,
0x81f3550dd852def709e2123d4a99ae24bfcddeb32183d4f945fc0ca3ff72c368,0xb9623632c4e6de8b97b28b4ac928eaf62177d301,0x307576dd4f73f91bb8c4a2edb762938e8e067d31,0.499998204163643,ETH,historical price unavailable,2026-03-27T20:19:47Z,UNKNOWN,UNKNOWN,https://etherscan.io/tx/0x81f3550dd852def709e2123d4a99ae24bfcddeb32183d4f945fc0ca3ff72c368,suspicious_flow,ETH,ETH,ETH,
0xdf7815b0d3d4157eeaffd98a5c5e2ce940829234fb866cef5e834d0878b838be,0xb9623632c4e6de8b97b28b4ac928eaf62177d301,0x307576dd4f73f91bb8c4a2edb762938e8e067d31,0.499996823986208,ETH,historical price unavailable,2026-03-27T20:53:47Z,UNKNOWN,UNKNOWN,https://etherscan.io/tx/0xdf7815b0d3d4157eeaffd98a5c5e2ce940829234fb866cef5e834d0878b838be,suspicious_flow,ETH,ETH,ETH,
0x429b3f37d4652ba8a0a90a4ab1c0b2b1bcf51673412a93c3338d68171c00c7bf,0xb9623632c4e6de8b97b28b4ac928eaf62177d301,0x307576dd4f73f91bb8c4a2edb762938e8e067d31,0.099997706143582,ETH,historical price unavailable,2026-03-27T21:00:47Z,UNKNOWN,UNKNOWN,https://etherscan.io/tx/0x429b3f37d4652ba8a0a90a4ab1c0b2b1bcf51673412a93c3338d68171c00c7bf,suspicious_flow,ETH,ETH,ETH,
0x150202ed707bc847f945acc821a800f9f7b5967a965c409adab2e3e7814f8331,0xb9623632c4e6de8b97b28b4ac928eaf62177d301,0x307576dd4f73f91bb8c4a2edb762938e8e067d31,0.81078477728436,ETH,historical price unavailable,2026-03-27T21:02:11Z,UNKNOWN,UNKNOWN,https://etherscan.io/tx/0x150202ed707bc847f945acc821a800f9f7b5967a965c409adab2e3e7814f8331,suspicious_flow,ETH,ETH,ETH,
0x6697b854369e11b45e10ba0839011d01b75b03054048d693362583307258d3df,0xb9623632c4e6de8b97b28b4ac928eaf62177d301,0x307576dd4f73f91bb8c4a2edb762938e8e067d31,0.009996407612488,ETH,historical price unavailable,2026-03-30T00:39:23Z,UNKNOWN,UNKNOWN,https://etherscan.io/tx/0x6697b854369e11b45e10ba0839011d01b75b03054048d693362583307258d3df,suspicious_flow,ETH,ETH,ETH,
0x8ec62ec0cc157b8cca22a87d5706a110083f0adb3f8138958896b9a0ff496f57,0xb9623632c4e6de8b97b28b4ac928eaf62177d301,0x307576dd4f73f91bb8c4a2edb762938e8e067d31,0.04999709473232,ETH,historical price unavailable,2026-04-01T09:36:11Z,UNKNOWN,UNKNOWN,https://etherscan.io/tx/0x8ec62ec0cc157b8cca22a87d5706a110083f0adb3f8138958896b9a0ff496f57,suspicious_flow,ETH,ETH,ETH,
0x9322fd6c643ee6465c401fa21959ebcff60e644310936bbb546d8360f8451fd8,0xb9623632c4e6de8b97b28b4ac928eaf62177d301,0x307576dd4f73f91bb8c4a2edb762938e8e067d31,0.009995593703455,ETH,historical price unavailable,2026-04-01T09:38:35Z,UNKNOWN,UNKNOWN,https://etherscan.io/tx/0x9322fd6c643ee6465c401fa21959ebcff60e644310936bbb546d8360f8451fd8,suspicious_flow,ETH,ETH,ETH,
0x60296aefae8fa93c8987c2f4a042870b773dc80c7079767b422723f4575d34c3,0xb9623632c4e6de8b97b28b4ac928eaf62177d301,0x307576dd4f73f91bb8c4a2edb762938e8e067d31,0.11259035143973237,ETH,historical price unavailable,2026-04-01T09:39:35Z,UNKNOWN,UNKNOWN,https://etherscan.io/tx/0x60296aefae8fa93c8987c2f4a042870b773dc80c7079767b422723f4575d34c3,suspicious_flow,ETH,ETH,ETH,
0xb9dfd803452d4851077ffe6273bbf2bdad756f10d2707f69f6fddb03d954df3e,0xb9623632c4e6de8b97b28b4ac928eaf62177d301,0x307576dd4f73f91bb8c4a2edb762938e8e067d31,0.009995563738723,ETH,historical price unavailable,2026-04-01T09:42:23Z,UNKNOWN,UNKNOWN,https://etherscan.io/tx/0xb9dfd803452d4851077ffe6273bbf2bdad756f10d2707f69f6fddb03d954df3e,suspicious_flow,ETH,ETH,ETH,
0x5665bf1779a62c77345b4ed9490fac3c9b5afb05553cc9605ab6181f4a79261e,0xb9623632c4e6de8b97b28b4ac928eaf62177d301,0x307576dd4f73f91bb8c4a2edb762938e8e067d31,0.209993053951569,ETH,historical price unavailable,2026-04-01T19:25:47Z,UNKNOWN,UNKNOWN,https://etherscan.io/tx/0x5665bf1779a62c77345b4ed9490fac3c9b5afb05553cc9605ab6181f4a79261e,suspicious_flow,ETH,ETH,ETH,
0x29d7498eb4668626a18c3f8deceb8cc1e6072f7e5ea82c308bd67cbaa5946be3,0xb9623632c4e6de8b97b28b4ac928eaf62177d301,0x307576dd4f73f91bb8c4a2edb762938e8e067d31,0.009992117024956,ETH,historical price unavailable,2026-04-01T19:28:23Z,UNKNOWN,UNKNOWN,https://etherscan.io/tx/0x29d7498eb4668626a18c3f8deceb8cc1e6072f7e5ea82c308bd67cbaa5946be3,suspicious_flow,ETH,ETH,ETH,
0xa7a1a8ec43678f54d228e7736a7829fffb83d04567a0f31b824a3ff2d36c709f,0xb9623632c4e6de8b97b28b4ac928eaf62177d301,0x307576dd4f73f91bb8c4a2edb762938e8e067d31,0.419994144726198,ETH,historical price unavailable,2026-04-01T19:31:59Z,UNKNOWN,UNKNOWN,https://etherscan.io/tx/0xa7a1a8ec43678f54d228e7736a7829fffb83d04567a0f31b824a3ff2d36c709f,suspicious_flow,ETH,ETH,ETH,
0x37c3251a89ce8693aedab3d47ef22be8232deea60896c5f2f6f6521d28effec5,0xb9623632c4e6de8b97b28b4ac928eaf62177d301,0x307576dd4f73f91bb8c4a2edb762938e8e067d31,0.009991584057388,ETH,historical price unavailable,2026-04-01T19:35:11Z,UNKNOWN,UNKNOWN,https://etherscan.io/tx/0x37c3251a89ce8693aedab3d47ef22be8232deea60896c5f2f6f6521d28effec5,suspicious_flow,ETH,ETH,ETH,
0x4214281fbe2427a6d70937d1c084fac0c395c6727b70208a68db4fcaca94bb7e,0xb9623632c4e6de8b97b28b4ac928eaf62177d301,0x307576dd4f73f91bb8c4a2edb762938e8e067d31,0.009997316818681,ETH,historical price unavailable,2026-04-02T23:26:59Z,UNKNOWN,UNKNOWN,https://etherscan.io/tx/0x4214281fbe2427a6d70937d1c084fac0c395c6727b70208a68db4fcaca94bb7e,suspicious_flow,ETH,ETH,ETH,
0xa2ea310d70a6347d28160f16d9bc74e894480b3d339560aa8571ac607b2566d7,0xb9623632c4e6de8b97b28b4ac928eaf62177d301,0x307576dd4f73f91bb8c4a2edb762938e8e067d31,0.009997144329217,ETH,historical price unavailable,2026-04-03T02:41:11Z,UNKNOWN,UNKNOWN,https://etherscan.io/tx/0xa2ea310d70a6347d28160f16d9bc74e894480b3d339560aa8571ac607b2566d7,suspicious_flow,ETH,ETH,ETH,
0xa9c0e9aed66f81198019abc6e4e37d510dc749e21a9318ec186bcff2cd20a294,0xb9623632c4e6de8b97b28b4ac928eaf62177d301,0x307576dd4f73f91bb8c4a2edb762938e8e067d31,0.069997558420804,ETH,historical price unavailable,2026-04-04T13:44:47Z,UNKNOWN,UNKNOWN,https://etherscan.io/tx/0xa9c0e9aed66f81198019abc6e4e37d510dc749e21a9318ec186bcff2cd20a294,suspicious_flow,ETH,ETH,ETH,
0x6ad3abf721d9b00fe3a9bf6f726f45d9eff3b1cab9efaa6474486700f0c59f74,0xb9623632c4e6de8b97b28b4ac928eaf62177d301,0x307576dd4f73f91bb8c4a2edb762938e8e067d31,0.009997537861972,ETH,historical price unavailable,2026-04-04T13:47:23Z,UNKNOWN,UNKNOWN,https://etherscan.io/tx/0x6ad3abf721d9b00fe3a9bf6f726f45d9eff3b1cab9efaa6474486700f0c59f74,suspicious_flow,ETH,ETH,ETH,
0x2355ba0fc4777cc64035a6e0a52cfa43565f335c4e6241a12ff3871a1b1ac627,0xb9623632c4e6de8b97b28b4ac928eaf62177d301,0x307576dd4f73f91bb8c4a2edb762938e8e067d31,0.099997034935933,ETH,historical price unavailable,2026-04-04T13:47:47Z,UNKNOWN,UNKNOWN,https://etherscan.io/tx/0x2355ba0fc4777cc64035a6e0a52cfa43565f335c4e6241a12ff3871a1b1ac627,suspicious_flow,ETH,ETH,ETH,
0xc7a693ae5278b7563102f55a5280fcf6c3de8718353bc78673909d3183e39e98,0xb9623632c4e6de8b97b28b4ac928eaf62177d301,0x307576dd4f73f91bb8c4a2edb762938e8e067d31,0.19999798964099902,ETH,historical price unavailable,2026-04-04T13:51:11Z,UNKNOWN,UNKNOWN,https://etherscan.io/tx/0xc7a693ae5278b7563102f55a5280fcf6c3de8718353bc78673909d3183e39e98,suspicious_flow,ETH,ETH,ETH,
0x8ce90e6290369c42f2fcb1658303ce4157edbe3b1efba3735b926fc9592e4cd6,0xb9623632c4e6de8b97b28b4ac928eaf62177d301,0x307576dd4f73f91bb8c4a2edb762938e8e067d31,0.009997423980463,ETH,historical price unavailable,2026-04-04T13:53:23Z,UNKNOWN,UNKNOWN,https://etherscan.io/tx/0x8ce90e6290369c42f2fcb1658303ce4157edbe3b1efba3735b926fc9592e4cd6,suspicious_flow,ETH,ETH,ETH,
0x18f407b1d4ac96b7d6185a560ef2384e2766b016835dd354d6c643f3b4cb87cd,0xb9623632c4e6de8b97b28b4ac928eaf62177d301,0x307576dd4f73f91bb8c4a2edb762938e8e067d31,0.099996582280828,ETH,historical price unavailable,2026-04-04T14:00:59Z,UNKNOWN,UNKNOWN,https://etherscan.io/tx/0x18f407b1d4ac96b7d6185a560ef2384e2766b016835dd354d6c643f3b4cb87cd,suspicious_flow,ETH,ETH,ETH,
0xcc3ac0bed40e604e342b79ada63d4d59f25936e6097d649bb0ccbd1416e1c607,0xb9623632c4e6de8b97b28b4ac928eaf62177d301,0x307576dd4f73f91bb8c4a2edb762938e8e067d31,0.009996817147873,ETH,historical price unavailable,2026-04-04T14:03:23Z,UNKNOWN,UNKNOWN,https://etherscan.io/tx/0xcc3ac0bed40e604e342b79ada63d4d59f25936e6097d649bb0ccbd1416e1c607,suspicious_flow,ETH,ETH,ETH,
0x3238f392679014799d748bf5a5ba05c0e8b85e35c91d41f7ec0a975eef1864a2,0xb9623632c4e6de8b97b28b4ac928eaf62177d301,0x307576dd4f73f91bb8c4a2edb762938e8e067d31,0.07999790729361501,ETH,historical price unavailable,2026-04-04T14:07:47Z,UNKNOWN,UNKNOWN,https://etherscan.io/tx/0x3238f392679014799d748bf5a5ba05c0e8b85e35c91d41f7ec0a975eef1864a2,suspicious_flow,ETH,ETH,ETH,
0xf495b5b1a295ceae1b22532bd02b69d27f714a494acd0abc2e1e7c85f3f3770f,0xb9623632c4e6de8b97b28b4ac928eaf62177d301,0x307576dd4f73f91bb8c4a2edb762938e8e067d31,0.099997772917786,ETH,historical price unavailable,2026-04-04T14:10:11Z,UNKNOWN,UNKNOWN,https://etherscan.io/tx/0xf495b5b1a295ceae1b22532bd02b69d27f714a494acd0abc2e1e7c85f3f3770f,suspicious_flow,ETH,ETH,ETH,
0x152374bd76344f18290cbb5b95255bb05e66faa0dc96c370fe750d042cb7b753,0xb9623632c4e6de8b97b28b4ac928eaf62177d301,0x307576dd4f73f91bb8c4a2edb762938e8e067d31,0.009992508445363,ETH,historical price unavailable,2026-04-04T14:10:23Z,UNKNOWN,UNKNOWN,https://etherscan.io/tx/0x152374bd76344f18290cbb5b95255bb05e66faa0dc96c370fe750d042cb7b753,suspicious_flow,ETH,ETH,ETH,
0xfeebccfc322a6b39c9db8bcec599f2bb1c37e7e1c66cfeaef5f4893cfdb9a239,0xb9623632c4e6de8b97b28b4ac928eaf62177d301,0x307576dd4f73f91bb8c4a2edb762938e8e067d31,0.149997799123539,ETH,historical price unavailable,2026-04-04T14:12:35Z,UNKNOWN,UNKNOWN,https://etherscan.io/tx/0xfeebccfc322a6b39c9db8bcec599f2bb1c37e7e1c66cfeaef5f4893cfdb9a239,suspicious_flow,ETH,ETH,ETH,
0x3a64168cad64a98f0022e107e0d9574b201a4ed9c1f2bd38a7c6c8f13e1d08ca,0xb9623632c4e6de8b97b28b4ac928eaf62177d301,0x307576dd4f73f91bb8c4a2edb762938e8e067d31,0.009996949520869,ETH,historical price unavailable,2026-04-04T14:13:35Z,UNKNOWN,UNKNOWN,https://etherscan.io/tx/0x3a64168cad64a98f0022e107e0d9574b201a4ed9c1f2bd38a7c6c8f13e1d08ca,suspicious_flow,ETH,ETH,ETH,
0xa125d97e11f37bc64f4f090084886714c7414dbc832ff279b7d76f40ddd2d6ed,0xb9623632c4e6de8b97b28b4ac928eaf62177d301,0x307576dd4f73f91bb8c4a2edb762938e8e067d31,0.09999768761299299,ETH,historical price unavailable,2026-04-04T14:18:59Z,UNKNOWN,UNKNOWN,https://etherscan.io/tx/0xa125d97e11f37bc64f4f090084886714c7414dbc832ff279b7d76f40ddd2d6ed,suspicious_flow,ETH,ETH,ETH,
0x27a7a63cede8481c36b5f0ebd7cdb84d39828076709f2902114777d244c5d7f6,0xb9623632c4e6de8b97b28b4ac928eaf62177d301,0x307576dd4f73f91bb8c4a2edb762938e8e067d31,0.09999824510203,ETH,historical price unavailable,2026-04-04T14:21:11Z,UNKNOWN,UNKNOWN,https://etherscan.io/tx/0x27a7a63cede8481c36b5f0ebd7cdb84d39828076709f2902114777d244c5d7f6,suspicious_flow,ETH,ETH,ETH,
0x391decdc9d74e6632cfa728979df6cdcdb789ef605cd34d90dadde68722744ae,0xb9623632c4e6de8b97b28b4ac928eaf62177d301,0x307576dd4f73f91bb8c4a2edb762938e8e067d31,0.009996199483693,ETH,historical price unavailable,2026-04-04T14:22:23Z,UNKNOWN,UNKNOWN,https://etherscan.io/tx/0x391decdc9d74e6632cfa728979df6cdcdb789ef605cd34d90dadde68722744ae,suspicious_flow,ETH,ETH,ETH,
0x5ea846b7845d41084cf0c4ad276cfead98d26b40f58528f2012f240b16070e6d,0xb9623632c4e6de8b97b28b4ac928eaf62177d301,0x307576dd4f73f91bb8c4a2edb762938e8e067d31,0.499998498309488,ETH,historical price unavailable,2026-04-04T14:24:23Z,UNKNOWN,UNKNOWN,https://etherscan.io/tx/0x5ea846b7845d41084cf0c4ad276cfead98d26b40f58528f2012f240b16070e6d,suspicious_flow,ETH,ETH,ETH,
0x6f38765f723b98346722696c4690caa33928bae160ea9892473c046435d31ed0,0xb9623632c4e6de8b97b28b4ac928eaf62177d301,0x307576dd4f73f91bb8c4a2edb762938e8e067d31,0.009997234679995,ETH,historical price unavailable,2026-04-04T14:28:47Z,UNKNOWN,UNKNOWN,https://etherscan.io/tx/0x6f38765f723b98346722696c4690caa33928bae160ea9892473c046435d31ed0,suspicious_flow,ETH,ETH,ETH,
0x88d6d0550bd652b7ccb8562bb45e38f6fac7acb66deffd5e82d36e4e24d738f7,0xb9623632c4e6de8b97b28b4ac928eaf62177d301,0x307576dd4f73f91bb8c4a2edb762938e8e067d31,0.00999748330225,ETH,historical price unavailable,2026-04-04T14:38:35Z,UNKNOWN,UNKNOWN,https://etherscan.io/tx/0x88d6d0550bd652b7ccb8562bb45e38f6fac7acb66deffd5e82d36e4e24d738f7,suspicious_flow,ETH,ETH,ETH,
0x3bb0e9c78987e05c6441eb1fe07df47a4ea8ebec2e1cb19f2101e83e22967779,0xb9623632c4e6de8b97b28b4ac928eaf62177d301,0x307576dd4f73f91bb8c4a2edb762938e8e067d31,0.11999736279795,ETH,historical price unavailable,2026-04-04T15:01:59Z,UNKNOWN,UNKNOWN,https://etherscan.io/tx/0x3bb0e9c78987e05c6441eb1fe07df47a4ea8ebec2e1cb19f2101e83e22967779,suspicious_flow,ETH,ETH,ETH,
0x4db74ac6a8ff8647a49231af88d838a929d4d3bf19872db2f82fb1d5e47d9a17,0xb9623632c4e6de8b97b28b4ac928eaf62177d301,0x307576dd4f73f91bb8c4a2edb762938e8e067d31,0.009997161494302,ETH,historical price unavailable,2026-04-04T15:03:59Z,UNKNOWN,UNKNOWN,https://etherscan.io/tx/0x4db74ac6a8ff8647a49231af88d838a929d4d3bf19872db2f82fb1d5e47d9a17,suspicious_flow,ETH,ETH,ETH,
0x37dd19fe1f4b7bb39a63a8b2fb99183e6ee910167bbc632ecce17ee5e5a64aee,0xb9623632c4e6de8b97b28b4ac928eaf62177d301,0x307576dd4f73f91bb8c4a2edb762938e8e067d31,0.24999805117291002,ETH,historical price unavailable,2026-04-05T18:23:23Z,UNKNOWN,UNKNOWN,https://etherscan.io/tx/0x37dd19fe1f4b7bb39a63a8b2fb99183e6ee910167bbc632ecce17ee5e5a64aee,suspicious_flow,ETH,ETH,ETH,
0x667263937fd9ce8da5f0f56708d84d353cf6108c803df3c36bc163f5c9099e29,0xb9623632c4e6de8b97b28b4ac928eaf62177d301,0x307576dd4f73f91bb8c4a2edb762938e8e067d31,0.00999708727711,ETH,historical price unavailable,2026-04-05T18:26:59Z,UNKNOWN,UNKNOWN,https://etherscan.io/tx/0x667263937fd9ce8da5f0f56708d84d353cf6108c803df3c36bc163f5c9099e29,suspicious_flow,ETH,ETH,ETH,
0x65f4bfbafdfcb9c4210ec45efb03546d09c6a3b18a6b6b4aa8dedc87425bdbed,0xb9623632c4e6de8b97b28b4ac928eaf62177d301,0x307576dd4f73f91bb8c4a2edb762938e8e067d31,0.069997157828941,ETH,historical price unavailable,2026-04-05T19:44:11Z,UNKNOWN,UNKNOWN,https://etherscan.io/tx/0x65f4bfbafdfcb9c4210ec45efb03546d09c6a3b18a6b6b4aa8dedc87425bdbed,suspicious_flow,ETH,ETH,ETH,
0xd6b8bdbc918547373f11f6498be6644aaf51c956bdf02bfd62af2e10b5d9b3f2,0xb9623632c4e6de8b97b28b4ac928eaf62177d301,0x307576dd4f73f91bb8c4a2edb762938e8e067d31,0.009997453220716,ETH,historical price unavailable,2026-04-05T19:46:47Z,UNKNOWN,UNKNOWN,https://etherscan.io/tx/0xd6b8bdbc918547373f11f6498be6644aaf51c956bdf02bfd62af2e10b5d9b3f2,suspicious_flow,ETH,ETH,ETH,
0x26b5aa1b955a2f35b60ece63b501f925a4cb7625cd5b04a0c3b843d882c2257f,0xb9623632c4e6de8b97b28b4ac928eaf62177d301,0x307576dd4f73f91bb8c4a2edb762938e8e067d31,0.024997725562198,ETH,historical price unavailable,2026-04-05T19:56:47Z,UNKNOWN,UNKNOWN,https://etherscan.io/tx/0x26b5aa1b955a2f35b60ece63b501f925a4cb7625cd5b04a0c3b843d882c2257f,suspicious_flow,ETH,ETH,ETH,
0xe227dc7c2183337c616f1cf38cca56822d79dc35c4bb13b26077ed3ac1d208d0,0xb9623632c4e6de8b97b28b4ac928eaf62177d301,0x307576dd4f73f91bb8c4a2edb762938e8e067d31,0.009997663858486,ETH,historical price unavailable,2026-04-05T20:12:11Z,UNKNOWN,UNKNOWN,https://etherscan.io/tx/0xe227dc7c2183337c616f1cf38cca56822d79dc35c4bb13b26077ed3ac1d208d0,suspicious_flow,ETH,ETH,ETH,
0x98dd4cb0ecd23d6f5738fc2068d7205a74c452df01e9c654da59eb8184b1799f,0xb9623632c4e6de8b97b28b4ac928eaf62177d301,0x307576dd4f73f91bb8c4a2edb762938e8e067d31,0.009997185656398,ETH,historical price unavailable,2026-04-05T20:14:59Z,UNKNOWN,UNKNOWN,https://etherscan.io/tx/0x98dd4cb0ecd23d6f5738fc2068d7205a74c452df01e9c654da59eb8184b1799f,suspicious_flow,ETH,ETH,ETH,
0xea1614a6ab79fceb80c1d48e502b0aa884d3905d4e7052832414708c37721e4f,0xb9623632c4e6de8b97b28b4ac928eaf62177d301,0x307576dd4f73f91bb8c4a2edb762938e8e067d31,0.011932891344844,ETH,historical price unavailable,2026-04-06T03:18:47Z,UNKNOWN,UNKNOWN,https://etherscan.io/tx/0xea1614a6ab79fceb80c1d48e502b0aa884d3905d4e7052832414708c37721e4f,suspicious_flow,ETH,ETH,ETH,
0x7abda9b6e0c1ce79857cc1852ecd55d076b8affe4a8e9acdbb9b64de0f5f2f49,0xb9623632c4e6de8b97b28b4ac928eaf62177d301,0x307576dd4f73f91bb8c4a2edb762938e8e067d31,0.009998574953104,ETH,historical price unavailable,2026-04-06T05:06:35Z,UNKNOWN,UNKNOWN,https://etherscan.io/tx/0x7abda9b6e0c1ce79857cc1852ecd55d076b8affe4a8e9acdbb9b64de0f5f2f49,suspicious_flow,ETH,ETH,ETH,
0xbe12c54c6208e3bae9bfae795eae747ec02c623b1e599560772d1e3556f78a0e,0xb9623632c4e6de8b97b28b4ac928eaf62177d301,0x307576dd4f73f91bb8c4a2edb762938e8e067d31,0.009998740157185,ETH,historical price unavailable,2026-04-06T05:38:59Z,UNKNOWN,UNKNOWN,https://etherscan.io/tx/0xbe12c54c6208e3bae9bfae795eae747ec02c623b1e599560772d1e3556f78a0e,suspicious_flow,ETH,ETH,ETH,
0x55641f3f0ad2e58e0253120ff3c27e0774ef2cd8cec46663f0f5763346e5ce36,0xb9623632c4e6de8b97b28b4ac928eaf62177d301,0x307576dd4f73f91bb8c4a2edb762938e8e067d31,0.0099855362773,ETH,historical price unavailable,2026-04-07T10:14:23Z,UNKNOWN,UNKNOWN,https://etherscan.io/tx/0x55641f3f0ad2e58e0253120ff3c27e0774ef2cd8cec46663f0f5763346e5ce36,suspicious_flow,ETH,ETH,ETH,
0x30332bb74a788d0144e40629ed33d8c8fa69bfe3526d6c716fe09778fbd06bfe,0xb9623632c4e6de8b97b28b4ac928eaf62177d301,0xa0b86991c6218b36c1d19d4a2e9eb0ce3606eb48,0.0,ETH,historical price unavailable,2026-04-07T10:14:23Z,UNKNOWN,UNKNOWN,https://etherscan.io/tx/0x30332bb74a788d0144e40629ed33d8c8fa69bfe3526d6c716fe09778fbd06bfe,unknown,ETH,ETH,ETH,
0x05e99e53fac5466c25872a94281b6f93b32084c572335c5fd0c387cbd0c0553a,0xb9623632c4e6de8b97b28b4ac928eaf62177d301,0x307576dd4f73f91bb8c4a2edb762938e8e067d31,0.009998530385308,ETH,historical price unavailable,2026-04-09T05:15:23Z,UNKNOWN,UNKNOWN,https://etherscan.io/tx/0x05e99e53fac5466c25872a94281b6f93b32084c572335c5fd0c387cbd0c0553a,suspicious_flow,ETH,ETH,ETH,
0x13dfb9734216ef16aa2191f3f092e41341ed294fe7ede7fc028d466c2ac8e930,0xb9623632c4e6de8b97b28b4ac928eaf62177d301,0x307576dd4f73f91bb8c4a2edb762938e8e067d31,0.00999855064258,ETH,historical price unavailable,2026-04-09T05:28:11Z,UNKNOWN,UNKNOWN,https://etherscan.io/tx/0x13dfb9734216ef16aa2191f3f092e41341ed294fe7ede7fc028d466c2ac8e930,suspicious_flow,ETH,ETH,ETH,
0x4dac180a1c5b37bfc9312639ceff4c3cceae40141aeb4914d898e4743792bc21,0xb9623632c4e6de8b97b28b4ac928eaf62177d301,0x307576dd4f73f91bb8c4a2edb762938e8e067d31,0.009998546526517,ETH,historical price unavailable,2026-04-09T05:33:59Z,UNKNOWN,UNKNOWN,https://etherscan.io/tx/0x4dac180a1c5b37bfc9312639ceff4c3cceae40141aeb4914d898e4743792bc21,suspicious_flow,ETH,ETH,ETH,
0xa9e91887fee6a5d0b209cf41d53f06c08a1a98cea4da3b763c2a8fe468c8c1a4,0xb9623632c4e6de8b97b28b4ac928eaf62177d301,0x307576dd4f73f91bb8c4a2edb762938e8e067d31,0.009998449794952,ETH,historical price unavailable,2026-04-09T05:36:35Z,UNKNOWN,UNKNOWN,https://etherscan.io/tx/0xa9e91887fee6a5d0b209cf41d53f06c08a1a98cea4da3b763c2a8fe468c8c1a4,suspicious_flow,ETH,ETH,ETH,
0xd3b04578388b04bdb09a8a519c3ecee043920a51261e91bceeb0383d2114c300,0xb9623632c4e6de8b97b28b4ac928eaf62177d301,0x307576dd4f73f91bb8c4a2edb762938e8e067d31,0.009998515674913,ETH,historical price unavailable,2026-04-10T01:14:59Z,UNKNOWN,UNKNOWN,https://etherscan.io/tx/0xd3b04578388b04bdb09a8a519c3ecee043920a51261e91bceeb0383d2114c300,suspicious_flow,ETH,ETH,ETH,
0xdcddf8ce587385162c0cd1257fb71d57fc78df2016c8055fd2b7c5ad94f962a5,0xb9623632c4e6de8b97b28b4ac928eaf62177d301,0x307576dd4f73f91bb8c4a2edb762938e8e067d31,0.009990164402242,ETH,historical price unavailable,2026-04-10T08:18:35Z,UNKNOWN,UNKNOWN,https://etherscan.io/tx/0xdcddf8ce587385162c0cd1257fb71d57fc78df2016c8055fd2b7c5ad94f962a5,suspicious_flow,ETH,ETH,ETH,
0x2d8b7fa2755dba6356582b511f42f5c0f373b3975ab4fedb0005d1d7fd60d0aa,0xb9623632c4e6de8b97b28b4ac928eaf62177d301,0xa0b86991c6218b36c1d19d4a2e9eb0ce3606eb48,0.0,ETH,historical price unavailable,2026-04-10T08:18:35Z,UNKNOWN,UNKNOWN,https://etherscan.io/tx/0x2d8b7fa2755dba6356582b511f42f5c0f373b3975ab4fedb0005d1d7fd60d0aa,unknown,ETH,ETH,ETH,
0x5e2f9ebe1ce8995d293baccd19787dc58adec21bbce70ce3e9f80dcfacd92587,0xb9623632c4e6de8b97b28b4ac928eaf62177d301,0x307576dd4f73f91bb8c4a2edb762938e8e067d31,0.009004409362132195,ETH,historical price unavailable,2026-04-10T22:03:47Z,UNKNOWN,UNKNOWN,https://etherscan.io/tx/0x5e2f9ebe1ce8995d293baccd19787dc58adec21bbce70ce3e9f80dcfacd92587,suspicious_flow,ETH,ETH,ETH,
0x4e692fe79b86cb048bcf6624c9b7da6e11bfcc110368a49ab9d0e42a000b3a2c,0xb9623632c4e6de8b97b28b4ac928eaf62177d301,0x307576dd4f73f91bb8c4a2edb762938e8e067d31,0.009993489086912805,ETH,historical price unavailable,2026-04-11T00:42:47Z,UNKNOWN,UNKNOWN,https://etherscan.io/tx/0x4e692fe79b86cb048bcf6624c9b7da6e11bfcc110368a49ab9d0e42a000b3a2c,suspicious_flow,ETH,ETH,ETH,
0x2dd6952c38f831677051266d88a805e31f3568c0207184afcf3c2b9a3ac7058e,0xb9623632c4e6de8b97b28b4ac928eaf62177d301,0x307576dd4f73f91bb8c4a2edb762938e8e067d31,0.009997164857263,ETH,historical price unavailable,2026-04-12T05:39:59Z,UNKNOWN,UNKNOWN,https://etherscan.io/tx/0x2dd6952c38f831677051266d88a805e31f3568c0207184afcf3c2b9a3ac7058e,suspicious_flow,ETH,ETH,ETH,
0x80af4ec3668c8d2c0a1a2849e9d4fd55200eff8cb9274c96978352b77a92c704,0xb9623632c4e6de8b97b28b4ac928eaf62177d301,0x307576dd4f73f91bb8c4a2edb762938e8e067d31,0.0099985595323,ETH,historical price unavailable,2026-04-12T21:51:11Z,UNKNOWN,UNKNOWN,https://etherscan.io/tx/0x80af4ec3668c8d2c0a1a2849e9d4fd55200eff8cb9274c96978352b77a92c704,suspicious_flow,ETH,ETH,ETH,
0xd37ae30177d14983ed7ab1e5c68eaad20499ac8441be0407adef19f6c2542d88,0xb9623632c4e6de8b97b28b4ac928eaf62177d301,0x307576dd4f73f91bb8c4a2edb762938e8e067d31,0.009991807181720864,ETH,historical price unavailable,2026-04-20T01:33:47Z,UNKNOWN,UNKNOWN,https://etherscan.io/tx/0xd37ae30177d14983ed7ab1e5c68eaad20499ac8441be0407adef19f6c2542d88,suspicious_flow,ETH,ETH,ETH,
0xddf7a738438c45cfb9ab0075056d71ed4aaf67a6f8d32331d52791757d0cee63,0xb9623632c4e6de8b97b28b4ac928eaf62177d301,0x307576dd4f73f91bb8c4a2edb762938e8e067d31,0.008576439607474,ETH,historical price unavailable,2026-04-21T10:32:23Z,UNKNOWN,UNKNOWN,https://etherscan.io/tx/0xddf7a738438c45cfb9ab0075056d71ed4aaf67a6f8d32331d52791757d0cee63,suspicious_flow,ETH,ETH,ETH,
0xaa80e12a6ee87a473946712368942bff0308375e6d51933e1bea9757579faecb,0xb9623632c4e6de8b97b28b4ac928eaf62177d301,0x307576dd4f73f91bb8c4a2edb762938e8e067d31,0.009990297709234366,ETH,historical price unavailable,2026-04-24T20:54:59Z,UNKNOWN,UNKNOWN,https://etherscan.io/tx/0xaa80e12a6ee87a473946712368942bff0308375e6d51933e1bea9757579faecb,suspicious_flow,ETH,ETH,ETH,
0xf22a37f4e4b5db55eaba6619ef85181433fb75f19dabd60b52d4382d8509afe1,0xb9623632c4e6de8b97b28b4ac928eaf62177d301,0x307576dd4f73f91bb8c4a2edb762938e8e067d31,0.009997241089743867,ETH,historical price unavailable,2026-04-25T10:26:35Z,UNKNOWN,UNKNOWN,https://etherscan.io/tx/0xf22a37f4e4b5db55eaba6619ef85181433fb75f19dabd60b52d4382d8509afe1,suspicious_flow,ETH,ETH,ETH,
0xaf4268d2a90e7c6808d89e306af74e02af8ec045d15c925b0e78ae8f15bae108,0xb9623632c4e6de8b97b28b4ac928eaf62177d301,0x307576dd4f73f91bb8c4a2edb762938e8e067d31,0.009972134659192276,ETH,historical price unavailable,2026-04-29T09:21:11Z,UNKNOWN,UNKNOWN,https://etherscan.io/tx/0xaf4268d2a90e7c6808d89e306af74e02af8ec045d15c925b0e78ae8f15bae108,suspicious_flow,ETH,ETH,ETH,
0x0ac4e52fd125cadc2c8cf448aab7ec9fc6eef860f62f2d5f625c2d60636614f1,0xb9623632c4e6de8b97b28b4ac928eaf62177d301,0x307576dd4f73f91bb8c4a2edb762938e8e067d31,0.009986199255032772,ETH,historical price unavailable,2026-05-04T12:09:35Z,UNKNOWN,UNKNOWN,https://etherscan.io/tx/0x0ac4e52fd125cadc2c8cf448aab7ec9fc6eef860f62f2d5f625c2d60636614f1,suspicious_flow,ETH,ETH,ETH,
0xd1169dc599b1d4b3ffed1edeb2965d76618b59de3cf7cb38ac009073b14b3119,0xb9623632c4e6de8b97b28b4ac928eaf62177d301,0x307576dd4f73f91bb8c4a2edb762938e8e067d31,0.00999693660654398,ETH,historical price unavailable,2026-05-06T05:25:59Z,UNKNOWN,UNKNOWN,https://etherscan.io/tx/0xd1169dc599b1d4b3ffed1edeb2965d76618b59de3cf7cb38ac009073b14b3119,suspicious_flow,ETH,ETH,ETH,
0x43788f616cb3d1d8b5bc42cb58d37fb3f8d649dd671cd056833fd950ac6f5c9a,0xb9623632c4e6de8b97b28b4ac928eaf62177d301,0x307576dd4f73f91bb8c4a2edb762938e8e067d31,0.009995219999761,ETH,historical price unavailable,2026-05-31T17:19:11Z,UNKNOWN,UNKNOWN,https://etherscan.io/tx/0x43788f616cb3d1d8b5bc42cb58d37fb3f8d649dd671cd056833fd950ac6f5c9a,suspicious_flow,ETH,ETH,ETH,
0x4e4b9eac0c1154cac979995d10aa06994c3e903e62c99b83e14c6f3083ee7ea9,0xb9623632c4e6de8b97b28b4ac928eaf62177d301,0x307576dd4f73f91bb8c4a2edb762938e8e067d31,0.009995091565336,ETH,historical price unavailable,2026-05-31T17:22:59Z,UNKNOWN,UNKNOWN,https://etherscan.io/tx/0x4e4b9eac0c1154cac979995d10aa06994c3e903e62c99b83e14c6f3083ee7ea9,suspicious_flow,ETH,ETH,ETH,
0x9b322911274e68bb1282f7e861475ec1b0efa37ebc84a19e569cc6a8f173da21,0xb9623632c4e6de8b97b28b4ac928eaf62177d301,0x307576dd4f73f91bb8c4a2edb762938e8e067d31,0.049993287756371,ETH,historical price unavailable,2026-06-03T09:23:11Z,UNKNOWN,UNKNOWN,https://etherscan.io/tx/0x9b322911274e68bb1282f7e861475ec1b0efa37ebc84a19e569cc6a8f173da21,suspicious_flow,ETH,ETH,ETH,
0xae1f332ec44637296c341df0486ec51bb3144310dfe61e25d280b021c857c7bb,0xb9623632c4e6de8b97b28b4ac928eaf62177d301,0x307576dd4f73f91bb8c4a2edb762938e8e067d31,0.009993299281024,ETH,historical price unavailable,2026-06-03T09:25:23Z,UNKNOWN,UNKNOWN,https://etherscan.io/tx/0xae1f332ec44637296c341df0486ec51bb3144310dfe61e25d280b021c857c7bb,suspicious_flow,ETH,ETH,ETH,
0xa1c78f3ecf802dbb1181bafd9ba59722390db88b22d142986c42e5aeaa358aa2,0xb9623632c4e6de8b97b28b4ac928eaf62177d301,0x307576dd4f73f91bb8c4a2edb762938e8e067d31,0.069994211376649,ETH,historical price unavailable,2026-06-03T10:59:23Z,UNKNOWN,UNKNOWN,https://etherscan.io/tx/0xa1c78f3ecf802dbb1181bafd9ba59722390db88b22d142986c42e5aeaa358aa2,suspicious_flow,ETH,ETH,ETH,
0xca032a6a6e7e2805c13e21ab619082dd706488c418a12b97bd97f9228a332206,0xb9623632c4e6de8b97b28b4ac928eaf62177d301,0x307576dd4f73f91bb8c4a2edb762938e8e067d31,0.5774820897162369,ETH,historical price unavailable,2026-06-03T13:20:47Z,UNKNOWN,UNKNOWN,https://etherscan.io/tx/0xca032a6a6e7e2805c13e21ab619082dd706488c418a12b97bd97f9228a332206,suspicious_flow,ETH,ETH,ETH,
0x1e454f1793b4a39e1bfb713c58cdfc6e88079551b82250277a71a1dcafc73ff7,0xb9623632c4e6de8b97b28b4ac928eaf62177d301,0x307576dd4f73f91bb8c4a2edb762938e8e067d31,0.009993834469342,ETH,historical price unavailable,2026-06-03T22:57:47Z,UNKNOWN,UNKNOWN,https://etherscan.io/tx/0x1e454f1793b4a39e1bfb713c58cdfc6e88079551b82250277a71a1dcafc73ff7,suspicious_flow,ETH,ETH,ETH,
0x2aecebcf457070bbd4484ae9eccf495f4969fcf91abb986f83fee0460ba3df16,0xb9623632c4e6de8b97b28b4ac928eaf62177d301,0x307576dd4f73f91bb8c4a2edb762938e8e067d31,0.114986695176034,ETH,historical price unavailable,2026-06-05T08:13:59Z,UNKNOWN,UNKNOWN,https://etherscan.io/tx/0x2aecebcf457070bbd4484ae9eccf495f4969fcf91abb986f83fee0460ba3df16,suspicious_flow,ETH,ETH,ETH,
0x3115d880d6ac3a2dc7ab9aac939d6bb8e80a018d1be237ae59517959789b4a9e,0xb9623632c4e6de8b97b28b4ac928eaf62177d301,0x307576dd4f73f91bb8c4a2edb762938e8e067d31,0.009992027874475,ETH,historical price unavailable,2026-06-05T09:42:47Z,UNKNOWN,UNKNOWN,https://etherscan.io/tx/0x3115d880d6ac3a2dc7ab9aac939d6bb8e80a018d1be237ae59517959789b4a9e,suspicious_flow,ETH,ETH,ETH,
0xc68575c405ee6ba3c13d77907bb6d9677fc8e2f27dae00e4ba53a1a728e56aa9,0xb9623632c4e6de8b97b28b4ac928eaf62177d301,0x307576dd4f73f91bb8c4a2edb762938e8e067d31,0.009992446056022,ETH,historical price unavailable,2026-06-05T09:47:35Z,UNKNOWN,UNKNOWN,https://etherscan.io/tx/0xc68575c405ee6ba3c13d77907bb6d9677fc8e2f27dae00e4ba53a1a728e56aa9,suspicious_flow,ETH,ETH,ETH,
0xe5458ca0118d5dec5b7b6497aef9b446aa4914acd65d22b6893c758bd6c7ef0b,0xb9623632c4e6de8b97b28b4ac928eaf62177d301,0x307576dd4f73f91bb8c4a2edb762938e8e067d31,0.30032534657064947,ETH,historical price unavailable,2026-06-05T10:43:59Z,UNKNOWN,UNKNOWN,https://etherscan.io/tx/0xe5458ca0118d5dec5b7b6497aef9b446aa4914acd65d22b6893c758bd6c7ef0b,suspicious_flow,ETH,ETH,ETH,
0xe6a6c61b4722f3c1bd6324224bfbac8d21a5e26c7768a5d4bf1c18c7120e72d9,0xb9623632c4e6de8b97b28b4ac928eaf62177d301,0x307576dd4f73f91bb8c4a2edb762938e8e067d31,0.009983106741919,ETH,historical price unavailable,2026-06-05T10:46:47Z,UNKNOWN,UNKNOWN,https://etherscan.io/tx/0xe6a6c61b4722f3c1bd6324224bfbac8d21a5e26c7768a5d4bf1c18c7120e72d9,suspicious_flow,ETH,ETH,ETH,
0x454c13f864f178c66eab44cc3d6fabe41b872209cbd83ae815208cc4cda96b36,0xb9623632c4e6de8b97b28b4ac928eaf62177d301,0x307576dd4f73f91bb8c4a2edb762938e8e067d31,0.1475657209394436,ETH,historical price unavailable,2026-06-08T10:16:59Z,UNKNOWN,UNKNOWN,https://etherscan.io/tx/0x454c13f864f178c66eab44cc3d6fabe41b872209cbd83ae815208cc4cda96b36,suspicious_flow,ETH,ETH,ETH,
0x58ff9d9ee239fe6055a55d070ef2319fac8d72c237914e006333a2298d13cb00,0xb9623632c4e6de8b97b28b4ac928eaf62177d301,0x307576dd4f73f91bb8c4a2edb762938e8e067d31,0.009997013548147,ETH,historical price unavailable,2026-06-08T10:19:23Z,UNKNOWN,UNKNOWN,https://etherscan.io/tx/0x58ff9d9ee239fe6055a55d070ef2319fac8d72c237914e006333a2298d13cb00,suspicious_flow,ETH,ETH,ETH,
0xe303b629cb8e3cdd2f4b3d663faedefa3646f2ac40eef9dc3cff6a5d3330fac9,0xb9623632c4e6de8b97b28b4ac928eaf62177d301,0xa0b86991c6218b36c1d19d4a2e9eb0ce3606eb48,0.0,ETH,historical price unavailable,2026-06-08T19:02:47Z,UNKNOWN,UNKNOWN,https://etherscan.io/tx/0xe303b629cb8e3cdd2f4b3d663faedefa3646f2ac40eef9dc3cff6a5d3330fac9,unknown,ETH,ETH,ETH,
0x4c09901aeddcc4c2d538163833f17dc14c51d9e1b9f7c91d063523cf8d5240e5,0xb9623632c4e6de8b97b28b4ac928eaf62177d301,0x307576dd4f73f91bb8c4a2edb762938e8e067d31,0.00995168205991,ETH,historical price unavailable,2026-06-08T19:02:59Z,UNKNOWN,UNKNOWN,https://etherscan.io/tx/0x4c09901aeddcc4c2d538163833f17dc14c51d9e1b9f7c91d063523cf8d5240e5,suspicious_flow,ETH,ETH,ETH,
0xa33e2f9fafedf77c084220e48e97b5d815338c74f5f5142ed53289dae1680510,0xb9623632c4e6de8b97b28b4ac928eaf62177d301,0x307576dd4f73f91bb8c4a2edb762938e8e067d31,0.8000163486110561,ETH,historical price unavailable,2026-06-11T18:04:11Z,UNKNOWN,UNKNOWN,https://etherscan.io/tx/0xa33e2f9fafedf77c084220e48e97b5d815338c74f5f5142ed53289dae1680510,suspicious_flow,ETH,ETH,ETH,
0xc3d9f03dd201b77d51e2bc2a1f87d3b3642337e14b4e033338160fb4cb499319,0xb9623632c4e6de8b97b28b4ac928eaf62177d301,0x307576dd4f73f91bb8c4a2edb762938e8e067d31,1.199953022892039,ETH,historical price unavailable,2026-06-11T18:23:59Z,UNKNOWN,UNKNOWN,https://etherscan.io/tx/0xc3d9f03dd201b77d51e2bc2a1f87d3b3642337e14b4e033338160fb4cb499319,suspicious_flow,ETH,ETH,ETH,
0xbd41c2a7b464b360d2e76a8ccf796017b5a85bcfaab7c8d7d0d534107acb9df5,0xb9623632c4e6de8b97b28b4ac928eaf62177d301,0x307576dd4f73f91bb8c4a2edb762938e8e067d31,0.009995037376684,ETH,historical price unavailable,2026-06-11T19:01:23Z,UNKNOWN,UNKNOWN,https://etherscan.io/tx/0xbd41c2a7b464b360d2e76a8ccf796017b5a85bcfaab7c8d7d0d534107acb9df5,suspicious_flow,ETH,ETH,ETH,
0xf935beca526757bf40abc8ac7c3647c39d7ca9e20a401487b971c3608300f3d1,0xb9623632c4e6de8b97b28b4ac928eaf62177d301,0x307576dd4f73f91bb8c4a2edb762938e8e067d31,0.057996983672077,ETH,historical price unavailable,2026-06-11T19:40:23Z,UNKNOWN,UNKNOWN,https://etherscan.io/tx/0xf935beca526757bf40abc8ac7c3647c39d7ca9e20a401487b971c3608300f3d1,suspicious_flow,ETH,ETH,ETH,
0xe08f1d41d740234f516ee048df86952da45e3fc25b9bf3a79ebd54993b09c143,0xb9623632c4e6de8b97b28b4ac928eaf62177d301,0x307576dd4f73f91bb8c4a2edb762938e8e067d31,0.009995114336497,ETH,historical price unavailable,2026-06-11T19:42:47Z,UNKNOWN,UNKNOWN,https://etherscan.io/tx/0xe08f1d41d740234f516ee048df86952da45e3fc25b9bf3a79ebd54993b09c143,suspicious_flow,ETH,ETH,ETH,
0xa58d016328e0cd134c3bd4e3a055cdb281e7567493613b600893832fca765a99,0xb9623632c4e6de8b97b28b4ac928eaf62177d301,0x307576dd4f73f91bb8c4a2edb762938e8e067d31,0.119996593768101,ETH,historical price unavailable,2026-06-11T19:45:35Z,UNKNOWN,UNKNOWN,https://etherscan.io/tx/0xa58d016328e0cd134c3bd4e3a055cdb281e7567493613b600893832fca765a99,suspicious_flow,ETH,ETH,ETH,
0x7df1cb40c0df1ac1d2736ef67b65ded6fb645193b469c8666cc3c20defbb66eb,0xb9623632c4e6de8b97b28b4ac928eaf62177d301,0x307576dd4f73f91bb8c4a2edb762938e8e067d31,0.009996128937742,ETH,historical price unavailable,2026-06-11T19:48:11Z,UNKNOWN,UNKNOWN,https://etherscan.io/tx/0x7df1cb40c0df1ac1d2736ef67b65ded6fb645193b469c8666cc3c20defbb66eb,suspicious_flow,ETH,ETH,ETH,
0x23bbf071685a9b1451af343521664d94b25ab420de4ba40a177df6aa0e7ea860,0xb9623632c4e6de8b97b28b4ac928eaf62177d301,0x307576dd4f73f91bb8c4a2edb762938e8e067d31,0.11999521518294899,ETH,historical price unavailable,2026-06-11T21:12:47Z,UNKNOWN,UNKNOWN,https://etherscan.io/tx/0x23bbf071685a9b1451af343521664d94b25ab420de4ba40a177df6aa0e7ea860,suspicious_flow,ETH,ETH,ETH,
0x8c6ea5e1ad0b439cfa1a107cd267087fca2d7f204d829f2f86c36240a181da3a,0xb9623632c4e6de8b97b28b4ac928eaf62177d301,0x307576dd4f73f91bb8c4a2edb762938e8e067d31,0.0099948834214,ETH,historical price unavailable,2026-06-11T21:42:47Z,UNKNOWN,UNKNOWN,https://etherscan.io/tx/0x8c6ea5e1ad0b439cfa1a107cd267087fca2d7f204d829f2f86c36240a181da3a,suspicious_flow,ETH,ETH,ETH,
0xd84af06410325bf4a96e23f94c360d3dc91d760a7a5a24b0de00db139a188585,0xb9623632c4e6de8b97b28b4ac928eaf62177d301,0x307576dd4f73f91bb8c4a2edb762938e8e067d31,0.289975425810374,ETH,historical price unavailable,2026-06-11T21:48:47Z,UNKNOWN,UNKNOWN,https://etherscan.io/tx/0xd84af06410325bf4a96e23f94c360d3dc91d760a7a5a24b0de00db139a188585,suspicious_flow,ETH,ETH,ETH,
0x4ea4fe7a0d3adfc91c9bce66e3a3969a0beec1a1a7683b2f659827f35791e95d,0xb9623632c4e6de8b97b28b4ac928eaf62177d301,0x307576dd4f73f91bb8c4a2edb762938e8e067d31,0.009996376480303,ETH,historical price unavailable,2026-06-11T21:51:11Z,UNKNOWN,UNKNOWN,https://etherscan.io/tx/0x4ea4fe7a0d3adfc91c9bce66e3a3969a0beec1a1a7683b2f659827f35791e95d,suspicious_flow,ETH,ETH,ETH,
0xeae999e89de27e954bc3e7857b53e3c4079711f7845bd69a7a5c3ca336d2b797,0xb9623632c4e6de8b97b28b4ac928eaf62177d301,0x307576dd4f73f91bb8c4a2edb762938e8e067d31,0.44999597076383097,ETH,historical price unavailable,2026-06-11T22:12:23Z,UNKNOWN,UNKNOWN,https://etherscan.io/tx/0xeae999e89de27e954bc3e7857b53e3c4079711f7845bd69a7a5c3ca336d2b797,suspicious_flow,ETH,ETH,ETH,
0x59b8c2be3e12f2c1c5dc07af0d0c271d39843c75e400babeb9fcb81008a44b2b,0xb9623632c4e6de8b97b28b4ac928eaf62177d301,0x307576dd4f73f91bb8c4a2edb762938e8e067d31,0.009995590481425,ETH,historical price unavailable,2026-06-11T22:14:47Z,UNKNOWN,UNKNOWN,https://etherscan.io/tx/0x59b8c2be3e12f2c1c5dc07af0d0c271d39843c75e400babeb9fcb81008a44b2b,suspicious_flow,ETH,ETH,ETH,
0x291539802a780d260d31ac358871145c91d6280274f9e4cfc63f0b08a5f95f04,0xb9623632c4e6de8b97b28b4ac928eaf62177d301,0x307576dd4f73f91bb8c4a2edb762938e8e067d31,0.099997350353707,ETH,historical price unavailable,2026-06-11T23:01:47Z,UNKNOWN,UNKNOWN,https://etherscan.io/tx/0x291539802a780d260d31ac358871145c91d6280274f9e4cfc63f0b08a5f95f04,suspicious_flow,ETH,ETH,ETH,
0xd80c6cf457aac6e42850b9c1bbacd4b637ccf7d36605cbb2b814adceeefbf909,0xb9623632c4e6de8b97b28b4ac928eaf62177d301,0x307576dd4f73f91bb8c4a2edb762938e8e067d31,0.009996151512784,ETH,historical price unavailable,2026-06-11T23:04:23Z,UNKNOWN,UNKNOWN,https://etherscan.io/tx/0xd80c6cf457aac6e42850b9c1bbacd4b637ccf7d36605cbb2b814adceeefbf909,suspicious_flow,ETH,ETH,ETH,
0xc20fd4d92e950fea8b03919f197d90364a9dcc42acaf23648fc0aef7dd56399d,0xb9623632c4e6de8b97b28b4ac928eaf62177d301,0x307576dd4f73f91bb8c4a2edb762938e8e067d31,0.14999678751498302,ETH,historical price unavailable,2026-06-11T23:30:59Z,UNKNOWN,UNKNOWN,https://etherscan.io/tx/0xc20fd4d92e950fea8b03919f197d90364a9dcc42acaf23648fc0aef7dd56399d,suspicious_flow,ETH,ETH,ETH,
0xa7cda49073dab79d23b905237f6d89103e45ac3533e22e3f31fce5e4a0a7470c,0xb9623632c4e6de8b97b28b4ac928eaf62177d301,0x307576dd4f73f91bb8c4a2edb762938e8e067d31,0.00999665055397,ETH,historical price unavailable,2026-06-11T23:33:35Z,UNKNOWN,UNKNOWN,https://etherscan.io/tx/0xa7cda49073dab79d23b905237f6d89103e45ac3533e22e3f31fce5e4a0a7470c,suspicious_flow,ETH,ETH,ETH,
0xd9d0377ab5371bdc41333d36242db310ad10418fbb3e3bf40b80183c7e2741e9,0xb9623632c4e6de8b97b28b4ac928eaf62177d301,0x307576dd4f73f91bb8c4a2edb762938e8e067d31,0.129996889586302,ETH,historical price unavailable,2026-06-12T00:15:23Z,UNKNOWN,UNKNOWN,https://etherscan.io/tx/0xd9d0377ab5371bdc41333d36242db310ad10418fbb3e3bf40b80183c7e2741e9,suspicious_flow,ETH,ETH,ETH,
0xce303ac0af1f8352f6df42be21195d1034dce4b94ccd56243187692730b7f23e,0xb9623632c4e6de8b97b28b4ac928eaf62177d301,0x307576dd4f73f91bb8c4a2edb762938e8e067d31,0.009996804215002,ETH,historical price unavailable,2026-06-12T00:17:23Z,UNKNOWN,UNKNOWN,https://etherscan.io/tx/0xce303ac0af1f8352f6df42be21195d1034dce4b94ccd56243187692730b7f23e,suspicious_flow,ETH,ETH,ETH,
0x045e3a7e331fcf5f44eac9e1a3f36d0c287a410e55fbfe4abb2b75d191b2357d,0xb9623632c4e6de8b97b28b4ac928eaf62177d301,0x307576dd4f73f91bb8c4a2edb762938e8e067d31,0.19999676329576702,ETH,historical price unavailable,2026-06-12T00:22:11Z,UNKNOWN,UNKNOWN,https://etherscan.io/tx/0x045e3a7e331fcf5f44eac9e1a3f36d0c287a410e55fbfe4abb2b75d191b2357d,suspicious_flow,ETH,ETH,ETH,
0x75f199f932bd1ae30b2bf5caca79febcaa7d6f4014ca31d2a4bdd3b876800608,0xb9623632c4e6de8b97b28b4ac928eaf62177d301,0x307576dd4f73f91bb8c4a2edb762938e8e067d31,0.009996599831662,ETH,historical price unavailable,2026-06-12T00:24:35Z,UNKNOWN,UNKNOWN,https://etherscan.io/tx/0x75f199f932bd1ae30b2bf5caca79febcaa7d6f4014ca31d2a4bdd3b876800608,suspicious_flow,ETH,ETH,ETH,
0xae410ff8f4a71367a7e510eb913dd83f2db730040ab4878bb4e2c706cd02d813,0xb9623632c4e6de8b97b28b4ac928eaf62177d301,0x307576dd4f73f91bb8c4a2edb762938e8e067d31,0.062996618635566,ETH,historical price unavailable,2026-06-12T00:50:23Z,UNKNOWN,UNKNOWN,https://etherscan.io/tx/0xae410ff8f4a71367a7e510eb913dd83f2db730040ab4878bb4e2c706cd02d813,suspicious_flow,ETH,ETH,ETH,
0x54da001d088e1c250f5618512a543a1f78de6974fc7ac47ecbe1ac82589984bb,0xb9623632c4e6de8b97b28b4ac928eaf62177d301,0x307576dd4f73f91bb8c4a2edb762938e8e067d31,0.009996306974335,ETH,historical price unavailable,2026-06-12T00:52:23Z,UNKNOWN,UNKNOWN,https://etherscan.io/tx/0x54da001d088e1c250f5618512a543a1f78de6974fc7ac47ecbe1ac82589984bb,suspicious_flow,ETH,ETH,ETH,
0xe125ac79900b882efacdfaa74466eb74769990f022c75d1c4428a5263742841b,0xb9623632c4e6de8b97b28b4ac928eaf62177d301,0x307576dd4f73f91bb8c4a2edb762938e8e067d31,0.149997326822493,ETH,historical price unavailable,2026-06-12T12:49:11Z,UNKNOWN,UNKNOWN,https://etherscan.io/tx/0xe125ac79900b882efacdfaa74466eb74769990f022c75d1c4428a5263742841b,suspicious_flow,ETH,ETH,ETH,
0x1a318101fe376224c4a4c900a441545629d5862d06549c2ea382dbb23afb0b1c,0xb9623632c4e6de8b97b28b4ac928eaf62177d301,0x307576dd4f73f91bb8c4a2edb762938e8e067d31,0.009996409833028,ETH,historical price unavailable,2026-06-12T12:51:23Z,UNKNOWN,UNKNOWN,https://etherscan.io/tx/0x1a318101fe376224c4a4c900a441545629d5862d06549c2ea382dbb23afb0b1c,suspicious_flow,ETH,ETH,ETH,
0x50e9eb81598cdbf552d902c94b0fa811970be36127734b6320e1c4e2537a2bcc,0xb9623632c4e6de8b97b28b4ac928eaf62177d301,0x307576dd4f73f91bb8c4a2edb762938e8e067d31,0.299996696212107,ETH,historical price unavailable,2026-06-12T12:57:47Z,UNKNOWN,UNKNOWN,https://etherscan.io/tx/0x50e9eb81598cdbf552d902c94b0fa811970be36127734b6320e1c4e2537a2bcc,suspicious_flow,ETH,ETH,ETH,
0x61c617a3847a8201796cf1def331cc78b613536f29235aa532902f49268e4c5a,0xb9623632c4e6de8b97b28b4ac928eaf62177d301,0x307576dd4f73f91bb8c4a2edb762938e8e067d31,0.009995697917614,ETH,historical price unavailable,2026-06-12T12:59:59Z,UNKNOWN,UNKNOWN,https://etherscan.io/tx/0x61c617a3847a8201796cf1def331cc78b613536f29235aa532902f49268e4c5a,suspicious_flow,ETH,ETH,ETH,
0x907dd10f2b59458d48b1c980d1d62b65efa46afe51664b388b8c0ddc7d7b5de2,0xb9623632c4e6de8b97b28b4ac928eaf62177d301,0x307576dd4f73f91bb8c4a2edb762938e8e067d31,0.149996824456125,ETH,historical price unavailable,2026-06-14T08:20:47Z,UNKNOWN,UNKNOWN,https://etherscan.io/tx/0x907dd10f2b59458d48b1c980d1d62b65efa46afe51664b388b8c0ddc7d7b5de2,suspicious_flow,ETH,ETH,ETH,
0x36b89c6e1b897e0343052bf47032697dd98a0909e9e953accccf75967f21421c,0xb9623632c4e6de8b97b28b4ac928eaf62177d301,0x307576dd4f73f91bb8c4a2edb762938e8e067d31,0.009996768570001,ETH,historical price unavailable,2026-06-14T08:25:11Z,UNKNOWN,UNKNOWN,https://etherscan.io/tx/0x36b89c6e1b897e0343052bf47032697dd98a0909e9e953accccf75967f21421c,suspicious_flow,ETH,ETH,ETH,
0x31becee853e518eb8f808875c4afce0af50b5f9a08753f9bee3e735c37547d50,0xb9623632c4e6de8b97b28b4ac928eaf62177d301,0x307576dd4f73f91bb8c4a2edb762938e8e067d31,0.289996858463714,ETH,historical price unavailable,2026-06-14T10:06:11Z,UNKNOWN,UNKNOWN,https://etherscan.io/tx/0x31becee853e518eb8f808875c4afce0af50b5f9a08753f9bee3e735c37547d50,suspicious_flow,ETH,ETH,ETH,
0x346cbf2401a8cae7c99e1f5df0898d819bc4561632d0a121a0479f1d31f53286,0xb9623632c4e6de8b97b28b4ac928eaf62177d301,0x307576dd4f73f91bb8c4a2edb762938e8e067d31,0.009995601067147,ETH,historical price unavailable,2026-06-14T10:08:23Z,UNKNOWN,UNKNOWN,https://etherscan.io/tx/0x346cbf2401a8cae7c99e1f5df0898d819bc4561632d0a121a0479f1d31f53286,suspicious_flow,ETH,ETH,ETH,
0xc14cab6105e38c856eaf71305cb4b9a7336a989b183f94c7687b0722658e403a,0xb9623632c4e6de8b97b28b4ac928eaf62177d301,0x307576dd4f73f91bb8c4a2edb762938e8e067d31,0.009998294331994,ETH,historical price unavailable,2026-06-15T02:59:23Z,UNKNOWN,UNKNOWN,https://etherscan.io/tx/0xc14cab6105e38c856eaf71305cb4b9a7336a989b183f94c7687b0722658e403a,suspicious_flow,ETH,ETH,ETH,
0x68f2e5b85eeaf531732acbe46af5139273b039952fd286f1d9e6c8f381a8de7f,0xb9623632c4e6de8b97b28b4ac928eaf62177d301,0x307576dd4f73f91bb8c4a2edb762938e8e067d31,0.059998688778879,ETH,historical price unavailable,2026-06-16T00:26:35Z,UNKNOWN,UNKNOWN,https://etherscan.io/tx/0x68f2e5b85eeaf531732acbe46af5139273b039952fd286f1d9e6c8f381a8de7f,suspicious_flow,ETH,ETH,ETH,
0x0eb4ef4f0e82710951b16f98c2cb0f5e1bd7472a6acdacf95c39a3942b4f5c3a,0xb9623632c4e6de8b97b28b4ac928eaf62177d301,0x307576dd4f73f91bb8c4a2edb762938e8e067d31,0.009998294238901,ETH,historical price unavailable,2026-06-16T00:28:47Z,UNKNOWN,UNKNOWN,https://etherscan.io/tx/0x0eb4ef4f0e82710951b16f98c2cb0f5e1bd7472a6acdacf95c39a3942b4f5c3a,suspicious_flow,ETH,ETH,ETH,
0x77f18944f078143a2a27e0cc9d02ea9c266988e30941bbdd16c881a84d7d4471,0xb9623632c4e6de8b97b28b4ac928eaf62177d301,0x307576dd4f73f91bb8c4a2edb762938e8e067d31,0.059998673680719,ETH,historical price unavailable,2026-06-16T00:39:23Z,UNKNOWN,UNKNOWN,https://etherscan.io/tx/0x77f18944f078143a2a27e0cc9d02ea9c266988e30941bbdd16c881a84d7d4471,suspicious_flow,ETH,ETH,ETH,
0x93607505381f315576f28f6bc50c9630195ce42e5aa9efc25d092e57812b8add,0xb9623632c4e6de8b97b28b4ac928eaf62177d301,0x307576dd4f73f91bb8c4a2edb762938e8e067d31,0.00999816231058,ETH,historical price unavailable,2026-06-16T00:41:35Z,UNKNOWN,UNKNOWN,https://etherscan.io/tx/0x93607505381f315576f28f6bc50c9630195ce42e5aa9efc25d092e57812b8add,suspicious_flow,ETH,ETH,ETH,
0xd22b1499100936472fbeb282f39c5c4b4ecb5a6404f1c40491ec60b26b604d22,0xb9623632c4e6de8b97b28b4ac928eaf62177d301,0x307576dd4f73f91bb8c4a2edb762938e8e067d31,0.119998621247016,ETH,historical price unavailable,2026-06-16T00:45:23Z,UNKNOWN,UNKNOWN,https://etherscan.io/tx/0xd22b1499100936472fbeb282f39c5c4b4ecb5a6404f1c40491ec60b26b604d22,suspicious_flow,ETH,ETH,ETH,
0x63025f7cedc7a5b53a560f78a213e698624bd934d112f5a8ac8f13a0697d3dc4,0xb9623632c4e6de8b97b28b4ac928eaf62177d301,0x307576dd4f73f91bb8c4a2edb762938e8e067d31,0.00999816063709,ETH,historical price unavailable,2026-06-16T00:47:47Z,UNKNOWN,UNKNOWN,https://etherscan.io/tx/0x63025f7cedc7a5b53a560f78a213e698624bd934d112f5a8ac8f13a0697d3dc4,suspicious_flow,ETH,ETH,ETH,
0xc7cd9d0c3cf026b6d3e1237713162a65ca972bd93d02de4e1b2f3acec071e6eb,0xb9623632c4e6de8b97b28b4ac928eaf62177d301,0x307576dd4f73f91bb8c4a2edb762938e8e067d31,0.3798722292478328,ETH,historical price unavailable,2026-06-16T01:26:47Z,UNKNOWN,UNKNOWN,https://etherscan.io/tx/0xc7cd9d0c3cf026b6d3e1237713162a65ca972bd93d02de4e1b2f3acec071e6eb,suspicious_flow,ETH,ETH,ETH,
0x4a22df9864d7ca9c5b39abbab38c767eedd1b3dc68abfce0ae28495513b4d81e,0xb9623632c4e6de8b97b28b4ac928eaf62177d301,0x307576dd4f73f91bb8c4a2edb762938e8e067d31,0.009998087245975,ETH,historical price unavailable,2026-06-16T01:29:11Z,UNKNOWN,UNKNOWN,https://etherscan.io/tx/0x4a22df9864d7ca9c5b39abbab38c767eedd1b3dc68abfce0ae28495513b4d81e,suspicious_flow,ETH,ETH,ETH,
0x33c1ec3f1930a09b9e30b357212feac9e6168732c429d6fe88dc48166a7f843b,0xb9623632c4e6de8b97b28b4ac928eaf62177d301,0x307576dd4f73f91bb8c4a2edb762938e8e067d31,0.009996875980738,ETH,historical price unavailable,2026-06-22T01:40:47Z,UNKNOWN,UNKNOWN,https://etherscan.io/tx/0x33c1ec3f1930a09b9e30b357212feac9e6168732c429d6fe88dc48166a7f843b,suspicious_flow,ETH,ETH,ETH,
0x8e912d60c2e8cd99bfa7dc4485dad53570a2ed8a2f3fe02860637dff50f90405,0xb9623632c4e6de8b97b28b4ac928eaf62177d301,0x307576dd4f73f91bb8c4a2edb762938e8e067d31,0.009995280906565,ETH,historical price unavailable,2026-06-22T17:15:59Z,UNKNOWN,UNKNOWN,https://etherscan.io/tx/0x8e912d60c2e8cd99bfa7dc4485dad53570a2ed8a2f3fe02860637dff50f90405,suspicious_flow,ETH,ETH,ETH,
0x8f71c984700aab7dc01bbd0903394c9d535d1f87b26d67c25d94aa40e5636db6,0xb9623632c4e6de8b97b28b4ac928eaf62177d301,0x307576dd4f73f91bb8c4a2edb762938e8e067d31,0.009994931740867,ETH,historical price unavailable,2026-06-23T12:49:11Z,UNKNOWN,UNKNOWN,https://etherscan.io/tx/0x8f71c984700aab7dc01bbd0903394c9d535d1f87b26d67c25d94aa40e5636db6,suspicious_flow,ETH,ETH,ETH,
0x3292b28a558306bc3ac4d22e3384396ab2607a63a159ed5a72ab07282344f5e8,0xb9623632c4e6de8b97b28b4ac928eaf62177d301,0x307576dd4f73f91bb8c4a2edb762938e8e067d31,0.126999496240135,ETH,historical price unavailable,2026-06-27T22:42:11Z,UNKNOWN,UNKNOWN,https://etherscan.io/tx/0x3292b28a558306bc3ac4d22e3384396ab2607a63a159ed5a72ab07282344f5e8,suspicious_flow,ETH,ETH,ETH,
0x8f4da678ae2dc0e6d71407c643be008b6a6f5be9d91cfa568b0e0fd9f0737ada,0xb9623632c4e6de8b97b28b4ac928eaf62177d301,0x307576dd4f73f91bb8c4a2edb762938e8e067d31,0.009998273435419,ETH,historical price unavailable,2026-06-27T22:48:23Z,UNKNOWN,UNKNOWN,https://etherscan.io/tx/0x8f4da678ae2dc0e6d71407c643be008b6a6f5be9d91cfa568b0e0fd9f0737ada,suspicious_flow,ETH,ETH,ETH,
0x91de512a9962687dcc3b45eca8e75dc64e664bbe19c50421951718050b3d1019,0xb9623632c4e6de8b97b28b4ac928eaf62177d301,0x307576dd4f73f91bb8c4a2edb762938e8e067d31,0.009998361982948,ETH,historical price unavailable,2026-06-28T23:51:59Z,UNKNOWN,UNKNOWN,https://etherscan.io/tx/0x91de512a9962687dcc3b45eca8e75dc64e664bbe19c50421951718050b3d1019,suspicious_flow,ETH,ETH,ETH,
0x4b9dedf58e8c27b8b18dfbee27bf13df3523148c311c793f84a940d99c3998de,0xb9623632c4e6de8b97b28b4ac928eaf62177d301,0x307576dd4f73f91bb8c4a2edb762938e8e067d31,0.009987940022371,ETH,historical price unavailable,2026-07-02T15:53:47Z,UNKNOWN,UNKNOWN,https://etherscan.io/tx/0x4b9dedf58e8c27b8b18dfbee27bf13df3523148c311c793f84a940d99c3998de,suspicious_flow,ETH,ETH,ETH,
0x4a2204f1374a24aa40ebaabccd4007eb7d58a9e420fa09a568e334a738deb2f1,0xb9623632c4e6de8b97b28b4ac928eaf62177d301,0x307576dd4f73f91bb8c4a2edb762938e8e067d31,0.009994829560474,ETH,historical price unavailable,2026-07-06T10:35:59Z,UNKNOWN,UNKNOWN,https://etherscan.io/tx/0x4a2204f1374a24aa40ebaabccd4007eb7d58a9e420fa09a568e334a738deb2f1,suspicious_flow,ETH,ETH,ETH,
0x04d2656d414a5955300e98bc13d2719f0ed7ecf30467eefef30d082dec2a6ea2,0xb9623632c4e6de8b97b28b4ac928eaf62177d301,0x307576dd4f73f91bb8c4a2edb762938e8e067d31,0.00999838987477,ETH,historical price unavailable,2026-07-09T20:22:47Z,UNKNOWN,UNKNOWN,https://etherscan.io/tx/0x04d2656d414a5955300e98bc13d2719f0ed7ecf30467eefef30d082dec2a6ea2,suspicious_flow,ETH,ETH,ETH,
0xcb053092659de4f512fe065bb92ce25758f23456c23afb370f8a3bfa80cb7847,0xb9623632c4e6de8b97b28b4ac928eaf62177d301,0x307576dd4f73f91bb8c4a2edb762938e8e067d31,0.009995166099691,ETH,historical price unavailable,2026-07-14T17:27:23Z,UNKNOWN,UNKNOWN,https://etherscan.io/tx/0xcb053092659de4f512fe065bb92ce25758f23456c23afb370f8a3bfa80cb7847,suspicious_flow,ETH,ETH,ETH,
0x7d0fecd7d2987ae613c570d45852491f6c96caaf7993549c873f0c7111feaea5,0xb9623632c4e6de8b97b28b4ac928eaf62177d301,0xdac17f958d2ee523a2206206994597c13d831ec7,0.0,ETH,historical price unavailable,2026-07-16T04:41:59Z,UNKNOWN,UNKNOWN,https://etherscan.io/tx/0x7d0fecd7d2987ae613c570d45852491f6c96caaf7993549c873f0c7111feaea5,unknown,ETH,ETH,ETH,
0x5e79e4a96c9b9bff5cc9c2ea0fcba1ff608ec6ee2642603daca915cd8a6af5d5,0xb9623632c4e6de8b97b28b4ac928eaf62177d301,0x307576dd4f73f91bb8c4a2edb762938e8e067d31,0.0099949577735794,ETH,historical price unavailable,2026-07-16T04:42:11Z,UNKNOWN,UNKNOWN,https://etherscan.io/tx/0x5e79e4a96c9b9bff5cc9c2ea0fcba1ff608ec6ee2642603daca915cd8a6af5d5,suspicious_flow,ETH,ETH,ETH,
0x10d6681a38434ce8b3298432e14a8b86b326c2ef251c3301c5fd3637f8a93ee7,0xb9623632c4e6de8b97b28b4ac928eaf62177d301,0xdac17f958d2ee523a2206206994597c13d831ec7,0.0,ETH,historical price unavailable,2026-07-16T05:00:35Z,UNKNOWN,UNKNOWN,https://etherscan.io/tx/0x10d6681a38434ce8b3298432e14a8b86b326c2ef251c3301c5fd3637f8a93ee7,unknown,ETH,ETH,ETH,
0x729a04d3a3a6a5c53c534e057aabf4e46aeb22046d890dfb6a20c0261605eb11,0xb9623632c4e6de8b97b28b4ac928eaf62177d301,0x307576dd4f73f91bb8c4a2edb762938e8e067d31,0.0099937154036543,ETH,historical price unavailable,2026-07-16T05:00:47Z,UNKNOWN,UNKNOWN,https://etherscan.io/tx/0x729a04d3a3a6a5c53c534e057aabf4e46aeb22046d890dfb6a20c0261605eb11,suspicious_flow,ETH,ETH,ETH,
0x19ad2b09b54e9b1857e7541a8aadafb277c2b0640c2b359e187b50aef8108047,0xb9623632c4e6de8b97b28b4ac928eaf62177d301,0x307576dd4f73f91bb8c4a2edb762938e8e067d31,0.5499982811656816,ETH,historical price unavailable,2026-07-22T20:11:35Z,UNKNOWN,UNKNOWN,https://etherscan.io/tx/0x19ad2b09b54e9b1857e7541a8aadafb277c2b0640c2b359e187b50aef8108047,suspicious_flow,ETH,ETH,ETH,
0xe9dc02b7b3ec0eca91c28d86a186e187d274294e226ab901b79e1d307e449509,0xb9623632c4e6de8b97b28b4ac928eaf62177d301,0x307576dd4f73f91bb8c4a2edb762938e8e067d31,0.549996725650243,ETH,historical price unavailable,2026-07-22T20:17:35Z,UNKNOWN,UNKNOWN,https://etherscan.io/tx/0xe9dc02b7b3ec0eca91c28d86a186e187d274294e226ab901b79e1d307e449509,suspicious_flow,ETH,ETH,ETH,
0xb1eb9419d2358dc35eb110a39b26af4ff623fc84670daf554a1dd8d7d936f06a,0xb9623632c4e6de8b97b28b4ac928eaf62177d301,0x307576dd4f73f91bb8c4a2edb762938e8e067d31,0.449997880136604,ETH,historical price unavailable,2026-07-22T20:20:35Z,UNKNOWN,UNKNOWN,https://etherscan.io/tx/0xb1eb9419d2358dc35eb110a39b26af4ff623fc84670daf554a1dd8d7d936f06a,suspicious_flow,ETH,ETH,ETH,
0x5e31ca0395cd92a7748878b76bc565bbb6e5cb7fdd27fb65aba563be9dcbd0f6,0xb9623632c4e6de8b97b28b4ac928eaf62177d301,0x307576dd4f73f91bb8c4a2edb762938e8e067d31,0.009997613067067,ETH,historical price unavailable,2026-07-22T20:22:35Z,UNKNOWN,UNKNOWN,https://etherscan.io/tx/0x5e31ca0395cd92a7748878b76bc565bbb6e5cb7fdd27fb65aba563be9dcbd0f6,suspicious_flow,ETH,ETH,ETH,
0x71d7206045ddbf0b6f751911d83f2ae81a5e302c116efa15e59ff4f596e9a3e5,0xb9623632c4e6de8b97b28b4ac928eaf62177d301,0x307576dd4f73f91bb8c4a2edb762938e8e067d31,0.099997311987295,ETH,historical price unavailable,2026-07-31T09:49:47Z,UNKNOWN,UNKNOWN,https://etherscan.io/tx/0x71d7206045ddbf0b6f751911d83f2ae81a5e302c116efa15e59ff4f596e9a3e5,suspicious_flow,ETH,ETH,ETH,
0x353f0e4500a9aa83fbf287db2850851d44b1117b118fe15b1414608762502c60,0xb9623632c4e6de8b97b28b4ac928eaf62177d301,0x307576dd4f73f91bb8c4a2edb762938e8e067d31,0.091998098699564,ETH,historical price unavailable,2026-07-31T09:58:11Z,UNKNOWN,UNKNOWN,https://etherscan.io/tx/0x353f0e4500a9aa83fbf287db2850851d44b1117b118fe15b1414608762502c60,suspicious_flow,ETH,ETH,ETH,
0x25fdd9fb586f2529bf1fe6548e4a7cd7ce6fd90f164963028d63a1515f853448,0xb9623632c4e6de8b97b28b4ac928eaf62177d301,0x307576dd4f73f91bb8c4a2edb762938e8e067d31,0.536997062030532,ETH,historical price unavailable,2026-07-31T10:12:35Z,UNKNOWN,UNKNOWN,https://etherscan.io/tx/0x25fdd9fb586f2529bf1fe6548e4a7cd7ce6fd90f164963028d63a1515f853448,suspicious_flow,ETH,ETH,ETH,
0x32440f234b3eddbe2f88c9ccfbbd8d2c042ca2cd619686ec5b08b0dd27ae55b1,0xb9623632c4e6de8b97b28b4ac928eaf62177d301,0x307576dd4f73f91bb8c4a2edb762938e8e067d31,0.009997895775367,ETH,historical price unavailable,2026-07-31T11:15:47Z,UNKNOWN,UNKNOWN,https://etherscan.io/tx/0x32440f234b3eddbe2f88c9ccfbbd8d2c042ca2cd619686ec5b08b0dd27ae55b1,suspicious_flow,ETH,ETH,ETH,
0xc9ca0f479c1f17195f0b06497e01999ea539d5fe91043288b3bf9082c9ad45f3,0xb9623632c4e6de8b97b28b4ac928eaf62177d301,0x307576dd4f73f91bb8c4a2edb762938e8e067d31,0.009997613692069,ETH,historical price unavailable,2026-07-31T11:25:47Z,UNKNOWN,UNKNOWN,https://etherscan.io/tx/0xc9ca0f479c1f17195f0b06497e01999ea539d5fe91043288b3bf9082c9ad45f3,suspicious_flow,ETH,ETH,ETH,
0x50de5268a91313c7d1c9ec846a0d932c5db0db1585c1c0443888c6c285c7a0e9,0xb9623632c4e6de8b97b28b4ac928eaf62177d301,0xdac17f958d2ee523a2206206994597c13d831ec7,0.0,ETH,historical price unavailable,2026-08-04T21:35:47Z,UNKNOWN,UNKNOWN,https://etherscan.io/tx/0x50de5268a91313c7d1c9ec846a0d932c5db0db1585c1c0443888c6c285c7a0e9,unknown,ETH,ETH,ETH,
0x7f188c043a2ce87a8d2ef7945a21e2f0b06d82dc9431f17b6b97390c1f0475f2,0xb9623632c4e6de8b97b28b4ac928eaf62177d301,0x307576dd4f73f91bb8c4a2edb762938e8e067d31,0.009990362900374,ETH,historical price unavailable,2026-08-04T21:37:23Z,UNKNOWN,UNKNOWN,https://etherscan.io/tx/0x7f188c043a2ce87a8d2ef7945a21e2f0b06d82dc9431f17b6b97390c1f0475f2,suspicious_flow,ETH,ETH,ETH,
0xa3b3b401af7adc825d7bc8747a07e35628cdc882b7555b9b2ba64419fc6c9fd6,0xb9623632c4e6de8b97b28b4ac928eaf62177d301,0x307576dd4f73f91bb8c4a2edb762938e8e067d31,0.00999451490794,ETH,historical price unavailable,2026-08-05T16:28:59Z,UNKNOWN,UNKNOWN,https://etherscan.io/tx/0xa3b3b401af7adc825d7bc8747a07e35628cdc882b7555b9b2ba64419fc6c9fd6,suspicious_flow,ETH,ETH,ETH,
0x4fae8f5a498a7a049aebc7f8b4b20bec2d245210b0333fece5f622cd1f6294ca,0xb9623632c4e6de8b97b28b4ac928eaf62177d301,0x307576dd4f73f91bb8c4a2edb762938e8e067d31,0.009994551015718,ETH,historical price unavailable,2026-08-05T16:40:47Z,UNKNOWN,UNKNOWN,https://etherscan.io/tx/0x4fae8f5a498a7a049aebc7f8b4b20bec2d245210b0333fece5f622cd1f6294ca,suspicious_flow,ETH,ETH,ETH,
0xc391eb58942f4a7d145e2e91f7aeb1eccfa116075115d1c40fd5004f9ff4d545,0xb9623632c4e6de8b97b28b4ac928eaf62177d301,0xa0b86991c6218b36c1d19d4a2e9eb0ce3606eb48,0.0,ETH,historical price unavailable,2026-08-07T01:04:59Z,UNKNOWN,UNKNOWN,https://etherscan.io/tx/0xc391eb58942f4a7d145e2e91f7aeb1eccfa116075115d1c40fd5004f9ff4d545,unknown,ETH,ETH,ETH,
0x7d8c4d61225610ec293955c8f077c98c0a1ac4dafd58e1278bbf8a7fa2cd9a1f,0xb9623632c4e6de8b97b28b4ac928eaf62177d301,0x307576dd4f73f91bb8c4a2edb762938e8e067d31,0.00998453102662,ETH,historical price unavailable,2026-08-07T01:05:23Z,UNKNOWN,UNKNOWN,https://etherscan.io/tx/0x7d8c4d61225610ec293955c8f077c98c0a1ac4dafd58e1278bbf8a7fa2cd9a1f,suspicious_flow,ETH,ETH,ETH,
0x158bbef7ae601e7bc032e83ada6f2ceed12548710885cfab1fc90d608eb9c78a,0xb9623632c4e6de8b97b28b4ac928eaf62177d301,0x307576dd4f73f91bb8c4a2edb762938e8e067d31,0.00999750050104,ETH,historical price unavailable,2026-08-07T03:01:47Z,UNKNOWN,UNKNOWN,https://etherscan.io/tx/0x158bbef7ae601e7bc032e83ada6f2ceed12548710885cfab1fc90d608eb9c78a,suspicious_flow,ETH,ETH,ETH,
0xa681f25a791108d39bcc37cc616689251db67d970da2348d0855531b0127f5cf,0xb9623632c4e6de8b97b28b4ac928eaf62177d301,0x307576dd4f73f91bb8c4a2edb762938e8e067d31,0.009998127037111,ETH,historical price unavailable,2026-08-07T03:49:35Z,UNKNOWN,UNKNOWN,https://etherscan.io/tx/0xa681f25a791108d39bcc37cc616689251db67d970da2348d0855531b0127f5cf,suspicious_flow,ETH,ETH,ETH,
0x5eb94d56a6b14f203b7019a711f191564110d8cdd9f7b0f215be9c7273020318,0xb9623632c4e6de8b97b28b4ac928eaf62177d301,0x307576dd4f73f91bb8c4a2edb762938e8e067d31,0.009997584963355,ETH,historical price unavailable,2026-08-07T04:43:11Z,UNKNOWN,UNKNOWN,https://etherscan.io/tx/0x5eb94d56a6b14f203b7019a711f191564110d8cdd9f7b0f215be9c7273020318,suspicious_flow,ETH,ETH,ETH,
0x0b66eefea7703d0e0e4ba882fcedeb6d90f963bd98552f212f1225193c7b8ed5,0xb9623632c4e6de8b97b28b4ac928eaf62177d301,0x307576dd4f73f91bb8c4a2edb762938e8e067d31,0.009998166241339,ETH,historical price unavailable,2026-08-07T07:50:35Z,UNKNOWN,UNKNOWN,https://etherscan.io/tx/0x0b66eefea7703d0e0e4ba882fcedeb6d90f963bd98552f212f1225193c7b8ed5,suspicious_flow,ETH,ETH,ETH,
0x5b9e763eff12878178dfcb2c5587f0072bbf8c149b4c7bd1a52335d2937d5c35,0xb9623632c4e6de8b97b28b4ac928eaf62177d301,0x307576dd4f73f91bb8c4a2edb762938e8e067d31,0.009997236378307,ETH,historical price unavailable,2026-08-07T08:06:59Z,UNKNOWN,UNKNOWN,https://etherscan.io/tx/0x5b9e763eff12878178dfcb2c5587f0072bbf8c149b4c7bd1a52335d2937d5c35,suspicious_flow,ETH,ETH,ETH,
0x18ab36eb7e5aaf56dae46ba4a13fa4b15235d682f41331743aef26e32de21e9a,0xb9623632c4e6de8b97b28b4ac928eaf62177d301,0x307576dd4f73f91bb8c4a2edb762938e8e067d31,0.009997424242333,ETH,historical price unavailable,2026-08-14T21:06:59Z,UNKNOWN,UNKNOWN,https://etherscan.io/tx/0x18ab36eb7e5aaf56dae46ba4a13fa4b15235d682f41331743aef26e32de21e9a,suspicious_flow,ETH,ETH,ETH,
0x648b21ec95c88a8ed3543b5ef6c1def8aac2eea088fe405b1c1c275d2cce308a,0xb9623632c4e6de8b97b28b4ac928eaf62177d301,0x307576dd4f73f91bb8c4a2edb762938e8e067d31,0.007998668367908,ETH,historical price unavailable,2026-08-15T09:13:23Z,UNKNOWN,UNKNOWN,https://etherscan.io/tx/0x648b21ec95c88a8ed3543b5ef6c1def8aac2eea088fe405b1c1c275d2cce308a,suspicious_flow,ETH,ETH,ETH,
0x8ed1d4a78d67ac00503fdebeae7a3da6ab8df4166ccca10d30df8081301a6684,0xb9623632c4e6de8b97b28b4ac928eaf62177d301,0x307576dd4f73f91bb8c4a2edb762938e8e067d31,0.009997792701613,ETH,historical price unavailable,2026-08-15T09:16:11Z,UNKNOWN,UNKNOWN,https://etherscan.io/tx/0x8ed1d4a78d67ac00503fdebeae7a3da6ab8df4166ccca10d30df8081301a6684,suspicious_flow,ETH,ETH,ETH,
0xfe0434b59bb8d1f164731edbb3dbf64b9530a502bcdb1bc890e5272e356391a5,0xb9623632c4e6de8b97b28b4ac928eaf62177d301,0x307576dd4f73f91bb8c4a2edb762938e8e067d31,0.009997739122192,ETH,historical price unavailable,2026-08-20T21:46:11Z,UNKNOWN,UNKNOWN,https://etherscan.io/tx/0xfe0434b59bb8d1f164731edbb3dbf64b9530a502bcdb1bc890e5272e356391a5,suspicious_flow,ETH,ETH,ETH,
0xc697daba244f933af5186f067e4be89fa2115b2da4720bb77389ce67e1115bc0,0xb9623632c4e6de8b97b28b4ac928eaf62177d301,0x307576dd4f73f91bb8c4a2edb762938e8e067d31,0.0103393783505266,ETH,historical price unavailable,2026-08-21T20:02:23Z,UNKNOWN,UNKNOWN,https://etherscan.io/tx/0xc697daba244f933af5186f067e4be89fa2115b2da4720bb77389ce67e1115bc0,suspicious_flow,ETH,ETH,ETH,
0x4184ce8acccbdb6e8620d2e3873abeef062085cda939616d2b2916d6f5ce5d8c,0xb9623632c4e6de8b97b28b4ac928eaf62177d301,0xa0b86991c6218b36c1d19d4a2e9eb0ce3606eb48,0.0,ETH,historical price unavailable,2026-08-21T23:58:11Z,UNKNOWN,UNKNOWN,https://etherscan.io/tx/0x4184ce8acccbdb6e8620d2e3873abeef062085cda939616d2b2916d6f5ce5d8c,unknown,ETH,ETH,ETH,
0x0c842cb854f93dd305b01fc3e3fcd97235818036853de388aed5d1144d45d3f7,0xb9623632c4e6de8b97b28b4ac928eaf62177d301,0x307576dd4f73f91bb8c4a2edb762938e8e067d31,0.009891719436553,ETH,historical price unavailable,2026-08-21T23:58:35Z,UNKNOWN,UNKNOWN,https://etherscan.io/tx/0x0c842cb854f93dd305b01fc3e3fcd97235818036853de388aed5d1144d45d3f7,suspicious_flow,ETH,ETH,ETH,
0xb31c6acfc5dca7d92350aa81426c4f0f6fa2dfcffbcff7949641d97e79d064ad,0xb9623632c4e6de8b97b28b4ac928eaf62177d301,0xa0b86991c6218b36c1d19d4a2e9eb0ce3606eb48,0.0,ETH,historical price unavailable,2026-08-22T00:14:11Z,UNKNOWN,UNKNOWN,https://etherscan.io/tx/0xb31c6acfc5dca7d92350aa81426c4f0f6fa2dfcffbcff7949641d97e79d064ad,unknown,ETH,ETH,ETH,
0x9924875c08c8c5d921c5ca581adaf0575355a38a0cca4d98537867eb95050186,0xb9623632c4e6de8b97b28b4ac928eaf62177d301,0x307576dd4f73f91bb8c4a2edb762938e8e067d31,0.0099885597464593,ETH,historical price unavailable,2026-08-22T00:27:47Z,UNKNOWN,UNKNOWN,https://etherscan.io/tx/0x9924875c08c8c5d921c5ca581adaf0575355a38a0cca4d98537867eb95050186,suspicious_flow,ETH,ETH,ETH,
0x8e014b1c56eea996c459610ab5033988ef8eb45350a2390a0df912def1027ca9,0xb9623632c4e6de8b97b28b4ac928eaf62177d301,0xa0b86991c6218b36c1d19d4a2e9eb0ce3606eb48,0.0,ETH,historical price unavailable,2026-08-22T00:44:47Z,UNKNOWN,UNKNOWN,https://etherscan.io/tx/0x8e014b1c56eea996c459610ab5033988ef8eb45350a2390a0df912def1027ca9,unknown,ETH,ETH,ETH,
0x0cc0df5fff24c93d8f9f3a9ef1535e2302844a6664ad2dd53ddd52928ee58eba,0xb9623632c4e6de8b97b28b4ac928eaf62177d301,0x307576dd4f73f91bb8c4a2edb762938e8e067d31,0.00997198758739,ETH,historical price unavailable,2026-08-22T00:44:59Z,UNKNOWN,UNKNOWN,https://etherscan.io/tx/0x0cc0df5fff24c93d8f9f3a9ef1535e2302844a6664ad2dd53ddd52928ee58eba,suspicious_flow,ETH,ETH,ETH,
0x27b7b8edb1d0a872bd7f7b1c0c08e916802b4201388817ce964e4c90e265505f,0xb9623632c4e6de8b97b28b4ac928eaf62177d301,0xa0b86991c6218b36c1d19d4a2e9eb0ce3606eb48,0.0,ETH,historical price unavailable,2026-08-22T02:32:35Z,UNKNOWN,UNKNOWN,https://etherscan.io/tx/0x27b7b8edb1d0a872bd7f7b1c0c08e916802b4201388817ce964e4c90e265505f,unknown,ETH,ETH,ETH,
0xe1a02bb4fe67960f34bdf762813de18025f029d8f775881ebe16b4668e2f8e95,0xb9623632c4e6de8b97b28b4ac928eaf62177d301,0x307576dd4f73f91bb8c4a2edb762938e8e067d31,0.00997669255045,ETH,historical price unavailable,2026-08-22T02:33:59Z,UNKNOWN,UNKNOWN,https://etherscan.io/tx/0xe1a02bb4fe67960f34bdf762813de18025f029d8f775881ebe16b4668e2f8e95,suspicious_flow,ETH,ETH,ETH,
0x799ea59d4cd6b84c48f09be4da39d3c804f43fe986bfddfa60d54679dd25f177,0xb9623632c4e6de8b97b28b4ac928eaf62177d301,0x307576dd4f73f91bb8c4a2edb762938e8e067d31,0.00999507512158,ETH,historical price unavailable,2026-08-22T02:39:59Z,UNKNOWN,UNKNOWN,https://etherscan.io/tx/0x799ea59d4cd6b84c48f09be4da39d3c804f43fe986bfddfa60d54679dd25f177,suspicious_flow,ETH,ETH,ETH,
0xe7cb762d86da01ed13f00784c9509538771c43e5b30b7fb8543f9b42aacee04a,0xb9623632c4e6de8b97b28b4ac928eaf62177d301,0xa0b86991c6218b36c1d19d4a2e9eb0ce3606eb48,0.0,ETH,historical price unavailable,2026-08-22T11:19:35Z,UNKNOWN,UNKNOWN,https://etherscan.io/tx/0xe7cb762d86da01ed13f00784c9509538771c43e5b30b7fb8543f9b42aacee04a,unknown,ETH,ETH,ETH,
0x7073d0fd1584cd576bd4570b288ef9eb17f23e5d9a21b79bfa7ab898b9a827b7,0xb9623632c4e6de8b97b28b4ac928eaf62177d301,0x307576dd4f73f91bb8c4a2edb762938e8e067d31,0.009986627674915,ETH,historical price unavailable,2026-08-22T11:19:47Z,UNKNOWN,UNKNOWN,https://etherscan.io/tx/0x7073d0fd1584cd576bd4570b288ef9eb17f23e5d9a21b79bfa7ab898b9a827b7,suspicious_flow,ETH,ETH,ETH,
0x30de99748d01bd0e183199457d56fe1116b786f6aa4deea2eeeb9eeca2929c5d,0xb9623632c4e6de8b97b28b4ac928eaf62177d301,0xa0b86991c6218b36c1d19d4a2e9eb0ce3606eb48,0.0,ETH,historical price unavailable,2026-08-22T11:44:35Z,UNKNOWN,UNKNOWN,https://etherscan.io/tx/0x30de99748d01bd0e183199457d56fe1116b786f6aa4deea2eeeb9eeca2929c5d,unknown,ETH,ETH,ETH,
0xf45f501846eb4861575195b78baa903b33a8ded1751a7a4e5e3234d5dd7d7255,0xb9623632c4e6de8b97b28b4ac928eaf62177d301,0xa0b86991c6218b36c1d19d4a2e9eb0ce3606eb48,0.0,ETH,historical price unavailable,2026-08-22T13:09:23Z,UNKNOWN,UNKNOWN,https://etherscan.io/tx/0xf45f501846eb4861575195b78baa903b33a8ded1751a7a4e5e3234d5dd7d7255,unknown,ETH,ETH,ETH,
0x12c0a8e854e4e0f02cdc3eb8c23ea25ced22c65e3b82e2a382466d4c79e4c1db,0xb9623632c4e6de8b97b28b4ac928eaf62177d301,0x307576dd4f73f91bb8c4a2edb762938e8e067d31,0.0098498677851081,ETH,historical price unavailable,2026-08-22T13:09:35Z,UNKNOWN,UNKNOWN,https://etherscan.io/tx/0x12c0a8e854e4e0f02cdc3eb8c23ea25ced22c65e3b82e2a382466d4c79e4c1db,suspicious_flow,ETH,ETH,ETH,
0xc2085d720933958c5e2e2ead7a4c2877dd926eb1bbc91cf5a67dadb90e448d8c,0xb9623632c4e6de8b97b28b4ac928eaf62177d301,0x307576dd4f73f91bb8c4a2edb762938e8e067d31,0.009996778216582,ETH,historical price unavailable,2026-08-22T13:11:47Z,UNKNOWN,UNKNOWN,https://etherscan.io/tx/0xc2085d720933958c5e2e2ead7a4c2877dd926eb1bbc91cf5a67dadb90e448d8c,suspicious_flow,ETH,ETH,ETH,
0xa7b0f28513aefce94b12f7e4d2c877cbf845d86e30a4178ed1bce79c26e1f5d8,0xb9623632c4e6de8b97b28b4ac928eaf62177d301,0xa0b86991c6218b36c1d19d4a2e9eb0ce3606eb48,0.0,ETH,historical price unavailable,2026-08-22T13:22:11Z,UNKNOWN,UNKNOWN,https://etherscan.io/tx/0xa7b0f28513aefce94b12f7e4d2c877cbf845d86e30a4178ed1bce79c26e1f5d8,unknown,ETH,ETH,ETH,
0xfa8f2929793194f9646b40072483c8a398055bc421d16c67ff1ba96360dc0f5c,0xb9623632c4e6de8b97b28b4ac928eaf62177d301,0x307576dd4f73f91bb8c4a2edb762938e8e067d31,0.009985637307985,ETH,historical price unavailable,2026-08-22T13:22:23Z,UNKNOWN,UNKNOWN,https://etherscan.io/tx/0xfa8f2929793194f9646b40072483c8a398055bc421d16c67ff1ba96360dc0f5c,suspicious_flow,ETH,ETH,ETH,
0x59a2079d71b38403f791d0967ff3b089890f861465b90c79572642c7f77be0c6,0xb9623632c4e6de8b97b28b4ac928eaf62177d301,0xa0b86991c6218b36c1d19d4a2e9eb0ce3606eb48,0.0,ETH,historical price unavailable,2026-08-22T14:15:35Z,UNKNOWN,UNKNOWN,https://etherscan.io/tx/0x59a2079d71b38403f791d0967ff3b089890f861465b90c79572642c7f77be0c6,unknown,ETH,ETH,ETH,
0x4947e3ed922509096607edd67687af4deac44e7c0dd4adcb350f47c7c0d0cc4a,0xb9623632c4e6de8b97b28b4ac928eaf62177d301,0x307576dd4f73f91bb8c4a2edb762938e8e067d31,0.009981614368918,ETH,historical price unavailable,2026-08-22T14:15:47Z,UNKNOWN,UNKNOWN,https://etherscan.io/tx/0x4947e3ed922509096607edd67687af4deac44e7c0dd4adcb350f47c7c0d0cc4a,suspicious_flow,ETH,ETH,ETH,
0x11d292fb2077f0230f42bb0f6b0859cdaf76df05b6e823725562a89b69973309,0xb9623632c4e6de8b97b28b4ac928eaf62177d301,0xa0b86991c6218b36c1d19d4a2e9eb0ce3606eb48,0.0,ETH,historical price unavailable,2026-08-22T14:20:47Z,UNKNOWN,UNKNOWN,https://etherscan.io/tx/0x11d292fb2077f0230f42bb0f6b0859cdaf76df05b6e823725562a89b69973309,unknown,ETH,ETH,ETH,
0xad5fca92d94668f4308c2019ef8b5a347b22e186859ad6162035161495fa99bb,0xb9623632c4e6de8b97b28b4ac928eaf62177d301,0x307576dd4f73f91bb8c4a2edb762938e8e067d31,0.00998596852807,ETH,historical price unavailable,2026-08-22T14:20:59Z,UNKNOWN,UNKNOWN,https://etherscan.io/tx/0xad5fca92d94668f4308c2019ef8b5a347b22e186859ad6162035161495fa99bb,suspicious_flow,ETH,ETH,ETH,
0x444670fd51a5ae28fbc0cb859a7ca1df8927c95fcfc6630077daa23df852c766,0xb9623632c4e6de8b97b28b4ac928eaf62177d301,0xa0b86991c6218b36c1d19d4a2e9eb0ce3606eb48,0.0,ETH,historical price unavailable,2026-08-22T14:39:11Z,UNKNOWN,UNKNOWN,https://etherscan.io/tx/0x444670fd51a5ae28fbc0cb859a7ca1df8927c95fcfc6630077daa23df852c766,unknown,ETH,ETH,ETH,
0xfe6dd13124e422a671d7a01b7c30895efb7345801bfec09a1afafdcb52ebe937,0xb9623632c4e6de8b97b28b4ac928eaf62177d301,0x307576dd4f73f91bb8c4a2edb762938e8e067d31,0.009986467801978,ETH,historical price unavailable,2026-08-22T14:39:23Z,UNKNOWN,UNKNOWN,https://etherscan.io/tx/0xfe6dd13124e422a671d7a01b7c30895efb7345801bfec09a1afafdcb52ebe937,suspicious_flow,ETH,ETH,ETH,
0xa60d193e887521559af4b37f5a869ba7e9605c6ec43df4d7b564f44fc67d5966,0xb9623632c4e6de8b97b28b4ac928eaf62177d301,0xa0b86991c6218b36c1d19d4a2e9eb0ce3606eb48,0.0,ETH,historical price unavailable,2026-08-22T14:42:47Z,UNKNOWN,UNKNOWN,https://etherscan.io/tx/0xa60d193e887521559af4b37f5a869ba7e9605c6ec43df4d7b564f44fc67d5966,unknown,ETH,ETH,ETH,
0x031f3b8ce4729ab6c67d599cf17e043fbba5824a1d1a7bfea592669588afe520,0xb9623632c4e6de8b97b28b4ac928eaf62177d301,0x307576dd4f73f91bb8c4a2edb762938e8e067d31,0.009987481964071,ETH,historical price unavailable,2026-08-22T14:43:11Z,UNKNOWN,UNKNOWN,https://etherscan.io/tx/0x031f3b8ce4729ab6c67d599cf17e043fbba5824a1d1a7bfea592669588afe520,suspicious_flow,ETH,ETH,ETH,
0x4c46cd19ec75539fe61bf01dfbf06b7d928b63864356d1064dc4027b000672ed,0xb9623632c4e6de8b97b28b4ac928eaf62177d301,0xa0b86991c6218b36c1d19d4a2e9eb0ce3606eb48,0.0,ETH,historical price unavailable,2026-08-22T15:53:35Z,UNKNOWN,UNKNOWN,https://etherscan.io/tx/0x4c46cd19ec75539fe61bf01dfbf06b7d928b63864356d1064dc4027b000672ed,unknown,ETH,ETH,ETH,
0xf9b1f538f3abf0a25b241937edf3ed595939c3b1cfccdfc32853b0f8133fc9e1,0xb9623632c4e6de8b97b28b4ac928eaf62177d301,0x307576dd4f73f91bb8c4a2edb762938e8e067d31,0.009981758481355,ETH,historical price unavailable,2026-08-22T15:53:47Z,UNKNOWN,UNKNOWN,https://etherscan.io/tx/0xf9b1f538f3abf0a25b241937edf3ed595939c3b1cfccdfc32853b0f8133fc9e1,suspicious_flow,ETH,ETH,ETH,
0x0e622d9aedc4c30c72cfe9771d54e7d26c643de6b14dfbe8facdd7c1a68337e3,0xb9623632c4e6de8b97b28b4ac928eaf62177d301,0xa0b86991c6218b36c1d19d4a2e9eb0ce3606eb48,0.0,ETH,historical price unavailable,2026-08-22T16:12:35Z,UNKNOWN,UNKNOWN,https://etherscan.io/tx/0x0e622d9aedc4c30c72cfe9771d54e7d26c643de6b14dfbe8facdd7c1a68337e3,unknown,ETH,ETH,ETH,
0x62fc178cce4860ca2356a33d30ad967729106448c0ba2e9c0882e6bdf2e58399,0xb9623632c4e6de8b97b28b4ac928eaf62177d301,0x307576dd4f73f91bb8c4a2edb762938e8e067d31,0.009985160014315,ETH,historical price unavailable,2026-08-22T16:12:59Z,UNKNOWN,UNKNOWN,https://etherscan.io/tx/0x62fc178cce4860ca2356a33d30ad967729106448c0ba2e9c0882e6bdf2e58399,suspicious_flow,ETH,ETH,ETH,
0x8dda054ad03e5504f327acb02cafad9f39b3945f8716283bd8c46806a14ce821,0xb9623632c4e6de8b97b28b4ac928eaf62177d301,0xa0b86991c6218b36c1d19d4a2e9eb0ce3606eb48,0.0,ETH,historical price unavailable,2026-08-22T16:29:59Z,UNKNOWN,UNKNOWN,https://etherscan.io/tx/0x8dda054ad03e5504f327acb02cafad9f39b3945f8716283bd8c46806a14ce821,unknown,ETH,ETH,ETH,
0x529a69081d4e24fc1a21739fccf251d3f33e67ff55e9a91448d7a33c461c5682,0xb9623632c4e6de8b97b28b4ac928eaf62177d301,0x307576dd4f73f91bb8c4a2edb762938e8e067d31,0.009985903471372,ETH,historical price unavailable,2026-08-22T16:30:23Z,UNKNOWN,UNKNOWN,https://etherscan.io/tx/0x529a69081d4e24fc1a21739fccf251d3f33e67ff55e9a91448d7a33c461c5682,suspicious_flow,ETH,ETH,ETH,
0x60773787a0141623c92e8f62ad35607482e85828a4672b8977b4bb9322a03623,0xb9623632c4e6de8b97b28b4ac928eaf62177d301,0x307576dd4f73f91bb8c4a2edb762938e8e067d31,0.009996288571174,ETH,historical price unavailable,2026-08-22T16:32:11Z,UNKNOWN,UNKNOWN,https://etherscan.io/tx/0x60773787a0141623c92e8f62ad35607482e85828a4672b8977b4bb9322a03623,suspicious_flow,ETH,ETH,ETH,
0x63cfb37453e5bc0fb537f05156acd4f121c8112cf405902b7914cdba4bb54b3c,0xb9623632c4e6de8b97b28b4ac928eaf62177d301,0xa0b86991c6218b36c1d19d4a2e9eb0ce3606eb48,0.0,ETH,historical price unavailable,2026-08-22T16:47:11Z,UNKNOWN,UNKNOWN,https://etherscan.io/tx/0x63cfb37453e5bc0fb537f05156acd4f121c8112cf405902b7914cdba4bb54b3c,unknown,ETH,ETH,ETH,
0x686084da25033cfb8e75bd8a0c460cac2d3602ce07e38e5b73797f2730a15699,0xb9623632c4e6de8b97b28b4ac928eaf62177d301,0x307576dd4f73f91bb8c4a2edb762938e8e067d31,0.009984086430265,ETH,historical price unavailable,2026-08-22T16:47:23Z,UNKNOWN,UNKNOWN,https://etherscan.io/tx/0x686084da25033cfb8e75bd8a0c460cac2d3602ce07e38e5b73797f2730a15699,suspicious_flow,ETH,ETH,ETH,
0x665532574a980167704a52d59ca9bd07341939cc537f67c1445ee9da2576da25,0xb9623632c4e6de8b97b28b4ac928eaf62177d301,0x307576dd4f73f91bb8c4a2edb762938e8e067d31,0.085003626342456,ETH,historical price unavailable,2026-08-23T10:03:23Z,UNKNOWN,UNKNOWN,https://etherscan.io/tx/0x665532574a980167704a52d59ca9bd07341939cc537f67c1445ee9da2576da25,suspicious_flow,ETH,ETH,ETH,
0x2903b686b7d19308b3da2fcaa46ca19124d1ba4a8e0fe9c9ad97f694c2cef03b,0xb9623632c4e6de8b97b28b4ac928eaf62177d301,0x307576dd4f73f91bb8c4a2edb762938e8e067d31,0.009998707243024,ETH,historical price unavailable,2026-08-23T10:05:23Z,UNKNOWN,UNKNOWN,https://etherscan.io/tx/0x2903b686b7d19308b3da2fcaa46ca19124d1ba4a8e0fe9c9ad97f694c2cef03b,suspicious_flow,ETH,ETH,ETH,
0xf0b602bae4fa0f5ba5207fa4e17d1cc751b513d8b5f83ac63143ad4c5c42e80f,0xb9623632c4e6de8b97b28b4ac928eaf62177d301,0x307576dd4f73f91bb8c4a2edb762938e8e067d31,0.009998758663792,ETH,historical price unavailable,2026-08-23T10:08:35Z,UNKNOWN,UNKNOWN,https://etherscan.io/tx/0xf0b602bae4fa0f5ba5207fa4e17d1cc751b513d8b5f83ac63143ad4c5c42e80f,suspicious_flow,ETH,ETH,ETH,
0x12f90aa43a6cfe9e09045b97505e6dc5d0a26f8d5536cc4cc383b4a22e8eda34,0xb9623632c4e6de8b97b28b4ac928eaf62177d301,0xa0b86991c6218b36c1d19d4a2e9eb0ce3606eb48,0.0,ETH,historical price unavailable,2026-08-25T20:38:59Z,UNKNOWN,UNKNOWN,https://etherscan.io/tx/0x12f90aa43a6cfe9e09045b97505e6dc5d0a26f8d5536cc4cc383b4a22e8eda34,unknown,ETH,ETH,ETH,
0x3326def6ff80718bafc05f5af423c5637a81654f38dab48b42804903128a650f,0xb9623632c4e6de8b97b28b4ac928eaf62177d301,0x307576dd4f73f91bb8c4a2edb762938e8e067d31,0.0162571605415177,ETH,historical price unavailable,2026-08-25T20:39:11Z,UNKNOWN,UNKNOWN,https://etherscan.io/tx/0x3326def6ff80718bafc05f5af423c5637a81654f38dab48b42804903128a650f,suspicious_flow,ETH,ETH,ETH,
0x0e3055a6caed1abaf23882ecb74950b95f81caa18f9d941a163d0b8e298ba7ba,0xb9623632c4e6de8b97b28b4ac928eaf62177d301,0x307576dd4f73f91bb8c4a2edb762938e8e067d31,0.0100160476078643,ETH,historical price unavailable,2026-08-25T23:31:59Z,UNKNOWN,UNKNOWN,https://etherscan.io/tx/0x0e3055a6caed1abaf23882ecb74950b95f81caa18f9d941a163d0b8e298ba7ba,suspicious_flow,ETH,ETH,ETH,
0x7c27a252a401cb68a741796cc52bce939c2d2c7ddc313de7690343dcaa8e8929,0xb9623632c4e6de8b97b28b4ac928eaf62177d301,0x307576dd4f73f91bb8c4a2edb762938e8e067d31,0.009998827550575,ETH,historical price unavailable,2026-08-26T09:46:47Z,UNKNOWN,UNKNOWN,https://etherscan.io/tx/0x7c27a252a401cb68a741796cc52bce939c2d2c7ddc313de7690343dcaa8e8929,suspicious_flow,ETH,ETH,ETH,
0x732345970b3c071f559d45cdb9c60b77785699d0661de51dad2d84880aa7bd8d,0xb9623632c4e6de8b97b28b4ac928eaf62177d301,0x307576dd4f73f91bb8c4a2edb762938e8e067d31,0.009998758783555,ETH,historical price unavailable,2026-08-26T09:50:35Z,UNKNOWN,UNKNOWN,https://etherscan.io/tx/0x732345970b3c071f559d45cdb9c60b77785699d0661de51dad2d84880aa7bd8d,suspicious_flow,ETH,ETH,ETH,
0x89b7185294e223127a021bb59e05e060e314a080b60e12b1856a8ee6f25e2cf6,0xb9623632c4e6de8b97b28b4ac928eaf62177d301,0xa0b86991c6218b36c1d19d4a2e9eb0ce3606eb48,0.0,ETH,historical price unavailable,2026-08-26T18:47:11Z,UNKNOWN,UNKNOWN,https://etherscan.io/tx/0x89b7185294e223127a021bb59e05e060e314a080b60e12b1856a8ee6f25e2cf6,unknown,ETH,ETH,ETH,
0xf08a44d17d4f0194d309ad85a32c1abd9c9cecf86fe79f8b7577b62ef5f60423,0xb9623632c4e6de8b97b28b4ac928eaf62177d301,0x307576dd4f73f91bb8c4a2edb762938e8e067d31,0.00998780659276,ETH,historical price unavailable,2026-08-26T18:47:23Z,UNKNOWN,UNKNOWN,https://etherscan.io/tx/0xf08a44d17d4f0194d309ad85a32c1abd9c9cecf86fe79f8b7577b62ef5f60423,suspicious_flow,ETH,ETH,ETH,
0xc5d44df2ac0f73cb8dec85aab0e386685552c414192e1ac6a015bfde5d93a02f,0xb9623632c4e6de8b97b28b4ac928eaf62177d301,0x307576dd4f73f91bb8c4a2edb762938e8e067d31,0.42000204196038987,ETH,historical price unavailable,2026-08-31T07:41:59Z,UNKNOWN,UNKNOWN,https://etherscan.io/tx/0xc5d44df2ac0f73cb8dec85aab0e386685552c414192e1ac6a015bfde5d93a02f,suspicious_flow,ETH,ETH,ETH,
0x86de40b48df124203ff6d11d01682cf66cc09029404800141a4ecccd585701d3,0xb9623632c4e6de8b97b28b4ac928eaf62177d301,0x307576dd4f73f91bb8c4a2edb762938e8e067d31,0.327863528704467,ETH,historical price unavailable,2026-08-31T08:02:11Z,UNKNOWN,UNKNOWN,https://etherscan.io/tx/0x86de40b48df124203ff6d11d01682cf66cc09029404800141a4ecccd585701d3,suspicious_flow,ETH,ETH,ETH,
0xfeb4d52791766555b4bc024ab2ec459f93d85809c0e6e3b514275549d953372b,0xb9623632c4e6de8b97b28b4ac928eaf62177d301,0x307576dd4f73f91bb8c4a2edb762938e8e067d31,0.1104226308734411,ETH,historical price unavailable,2026-08-31T08:10:11Z,UNKNOWN,UNKNOWN,https://etherscan.io/tx/0xfeb4d52791766555b4bc024ab2ec459f93d85809c0e6e3b514275549d953372b,suspicious_flow,ETH,ETH,ETH,
0x6090e5945f5dbe1d01fa66ab92c8cb5e7ef99d349e6218bc3f60eaa0b380cce1,0xb9623632c4e6de8b97b28b4ac928eaf62177d301,0xa0b86991c6218b36c1d19d4a2e9eb0ce3606eb48,0.0,ETH,historical price unavailable,2026-08-31T21:58:11Z,UNKNOWN,UNKNOWN,https://etherscan.io/tx/0x6090e5945f5dbe1d01fa66ab92c8cb5e7ef99d349e6218bc3f60eaa0b380cce1,unknown,ETH,ETH,ETH,
0x3e59cf715c201c40b390d062105eeebf51d23409521d1474a95622ec9e5f14ab,0xb9623632c4e6de8b97b28b4ac928eaf62177d301,0x307576dd4f73f91bb8c4a2edb762938e8e067d31,0.0099902026245519,ETH,historical price unavailable,2026-08-31T22:20:23Z,UNKNOWN,UNKNOWN,https://etherscan.io/tx/0x3e59cf715c201c40b390d062105eeebf51d23409521d1474a95622ec9e5f14ab,suspicious_flow,ETH,ETH,ETH,
0xfc34d23289ca2c97504fb04a18bf5c63e5e0bc92660b0c56b0da38b3ef1680a9,0xb9623632c4e6de8b97b28b4ac928eaf62177d301,0x307576dd4f73f91bb8c4a2edb762938e8e067d31,0.009998546308474,ETH,historical price unavailable,2026-08-31T22:41:35Z,UNKNOWN,UNKNOWN,https://etherscan.io/tx/0xfc34d23289ca2c97504fb04a18bf5c63e5e0bc92660b0c56b0da38b3ef1680a9,suspicious_flow,ETH,ETH,ETH,
0x4b58620da78f1a1aa7d7f74a01a50475a5320b46ef6614c383470b9d19a77e53,0xb9623632c4e6de8b97b28b4ac928eaf62177d301,0xa0b86991c6218b36c1d19d4a2e9eb0ce3606eb48,0.0,ETH,historical price unavailable,2026-09-01T11:46:47Z,UNKNOWN,UNKNOWN,https://etherscan.io/tx/0x4b58620da78f1a1aa7d7f74a01a50475a5320b46ef6614c383470b9d19a77e53,unknown,ETH,ETH,ETH,
0xe1fe9b69a1b64dd29c946e3b1483603f1622b5463caeaa0a2f0784b959acc884,0xb9623632c4e6de8b97b28b4ac928eaf62177d301,0x307576dd4f73f91bb8c4a2edb762938e8e067d31,0.00997636780582,ETH,historical price unavailable,2026-09-01T11:46:59Z,UNKNOWN,UNKNOWN,https://etherscan.io/tx/0xe1fe9b69a1b64dd29c946e3b1483603f1622b5463caeaa0a2f0784b959acc884,suspicious_flow,ETH,ETH,ETH,
0x926020c508ee2ce17567df128fdca97eefa5929c927613d95d8523973c6b36dc,0xb9623632c4e6de8b97b28b4ac928eaf62177d301,0xa0b86991c6218b36c1d19d4a2e9eb0ce3606eb48,0.0,ETH,historical price unavailable,2026-09-01T12:00:23Z,UNKNOWN,UNKNOWN,https://etherscan.io/tx/0x926020c508ee2ce17567df128fdca97eefa5929c927613d95d8523973c6b36dc,unknown,ETH,ETH,ETH,
0x510010d336f8574b59d4d0fe9457a52f1fd31ac45e6627ded2c7be15d5490def,0xb9623632c4e6de8b97b28b4ac928eaf62177d301,0x307576dd4f73f91bb8c4a2edb762938e8e067d31,0.0099907026966313,ETH,historical price unavailable,2026-09-01T12:00:59Z,UNKNOWN,UNKNOWN,https://etherscan.io/tx/0x510010d336f8574b59d4d0fe9457a52f1fd31ac45e6627ded2c7be15d5490def,suspicious_flow,ETH,ETH,ETH,
0x1067959d75cade001ab8b8b1a8501b07912f31c8ac863fdeb43603b9ff8cb1c0,0xb9623632c4e6de8b97b28b4ac928eaf62177d301,0xa0b86991c6218b36c1d19d4a2e9eb0ce3606eb48,0.0,ETH,historical price unavailable,2026-09-01T12:17:11Z,UNKNOWN,UNKNOWN,https://etherscan.io/tx/0x1067959d75cade001ab8b8b1a8501b07912f31c8ac863fdeb43603b9ff8cb1c0,unknown,ETH,ETH,ETH,
0xe1d7fdd3abc509892ca3c85c7cb01b8b8f60dffcb9ac354bc368883d3012bc80,0xb9623632c4e6de8b97b28b4ac928eaf62177d301,0x307576dd4f73f91bb8c4a2edb762938e8e067d31,0.00998372847067,ETH,historical price unavailable,2026-09-01T12:17:35Z,UNKNOWN,UNKNOWN,https://etherscan.io/tx/0xe1d7fdd3abc509892ca3c85c7cb01b8b8f60dffcb9ac354bc368883d3012bc80,suspicious_flow,ETH,ETH,ETH,
0x86ad252feeed29fc160e6baeb9df96080f91f31c18e6d3b72a3cfc41512a1cf2,0xb9623632c4e6de8b97b28b4ac928eaf62177d301,0xa0b86991c6218b36c1d19d4a2e9eb0ce3606eb48,0.0,ETH,historical price unavailable,2026-09-01T13:05:23Z,UNKNOWN,UNKNOWN,https://etherscan.io/tx/0x86ad252feeed29fc160e6baeb9df96080f91f31c18e6d3b72a3cfc41512a1cf2,unknown,ETH,ETH,ETH,
0xe4fe71642f1814b8b6ff0936919c6e025e0b75db400ba78ef4c7877dd6aff129,0xb9623632c4e6de8b97b28b4ac928eaf62177d301,0x307576dd4f73f91bb8c4a2edb762938e8e067d31,0.009959184704395,ETH,historical price unavailable,2026-09-01T13:05:47Z,UNKNOWN,UNKNOWN,https://etherscan.io/tx/0xe4fe71642f1814b8b6ff0936919c6e025e0b75db400ba78ef4c7877dd6aff129,suspicious_flow,ETH,ETH,ETH,
0xb0f9ec8841ffa531853c2926b5d23a3b97eb7584de5b3818a892300f880fac4b,0xb9623632c4e6de8b97b28b4ac928eaf62177d301,0xa0b86991c6218b36c1d19d4a2e9eb0ce3606eb48,0.0,ETH,historical price unavailable,2026-09-01T14:59:11Z,UNKNOWN,UNKNOWN,https://etherscan.io/tx/0xb0f9ec8841ffa531853c2926b5d23a3b97eb7584de5b3818a892300f880fac4b,unknown,ETH,ETH,ETH,
0x9f901413021e55405b87de0ace9160101f3920d13d55cece15583c8e284cd004,0xb9623632c4e6de8b97b28b4ac928eaf62177d301,0x307576dd4f73f91bb8c4a2edb762938e8e067d31,0.0099772842034,ETH,historical price unavailable,2026-09-01T14:59:35Z,UNKNOWN,UNKNOWN,https://etherscan.io/tx/0x9f901413021e55405b87de0ace9160101f3920d13d55cece15583c8e284cd004,suspicious_flow,ETH,ETH,ETH,
0x2723951041196d03001731c787a6330329b8589daae49d82098a0ade79b1d4e1,0xb9623632c4e6de8b97b28b4ac928eaf62177d301,0xa0b86991c6218b36c1d19d4a2e9eb0ce3606eb48,0.0,ETH,historical price unavailable,2026-09-01T17:01:35Z,UNKNOWN,UNKNOWN,https://etherscan.io/tx/0x2723951041196d03001731c787a6330329b8589daae49d82098a0ade79b1d4e1,unknown,ETH,ETH,ETH,
0x465d953635df0960fb27c4caf563a084d514ae25ad68e52cdadbc49d46ffa577,0xb9623632c4e6de8b97b28b4ac928eaf62177d301,0x307576dd4f73f91bb8c4a2edb762938e8e067d31,0.009975374998753,ETH,historical price unavailable,2026-09-01T17:01:59Z,UNKNOWN,UNKNOWN,https://etherscan.io/tx/0x465d953635df0960fb27c4caf563a084d514ae25ad68e52cdadbc49d46ffa577,suspicious_flow,ETH,ETH,ETH,
0xe892687479793dcd7ed44fbc63ba97e729b298aebde2c9e688917c3d7e9bc5e9,0xb9623632c4e6de8b97b28b4ac928eaf62177d301,0x307576dd4f73f91bb8c4a2edb762938e8e067d31,0.009995277617062,ETH,historical price unavailable,2026-09-01T17:04:47Z,UNKNOWN,UNKNOWN,https://etherscan.io/tx/0xe892687479793dcd7ed44fbc63ba97e729b298aebde2c9e688917c3d7e9bc5e9,suspicious_flow,ETH,ETH,ETH,
0x8c55ca44d3ed792aea0773aeb37b105fd4312d7efdd1295fa52c701a7ea7b955,0xb9623632c4e6de8b97b28b4ac928eaf62177d301,0xa0b86991c6218b36c1d19d4a2e9eb0ce3606eb48,0.0,ETH,historical price unavailable,2026-09-01T17:09:59Z,UNKNOWN,UNKNOWN,https://etherscan.io/tx/0x8c55ca44d3ed792aea0773aeb37b105fd4312d7efdd1295fa52c701a7ea7b955,unknown,ETH,ETH,ETH,
0x0fcfdd86b0fc0c2fda50d0a3b8ed7d8656e06c465a50b97e80dc46d5f44e2e4b,0xb9623632c4e6de8b97b28b4ac928eaf62177d301,0x307576dd4f73f91bb8c4a2edb762938e8e067d31,0.009973671481105,ETH,historical price unavailable,2026-09-01T17:10:23Z,UNKNOWN,UNKNOWN,https://etherscan.io/tx/0x0fcfdd86b0fc0c2fda50d0a3b8ed7d8656e06c465a50b97e80dc46d5f44e2e4b,suspicious_flow,ETH,ETH,ETH,
0x5adf7a7d0170b77ddba909f1fef22e7c31a20ed90d99fe19f67fc1286d01ea7f,0xb9623632c4e6de8b97b28b4ac928eaf62177d301,0xa0b86991c6218b36c1d19d4a2e9eb0ce3606eb48,0.0,ETH,historical price unavailable,2026-09-01T17:55:35Z,UNKNOWN,UNKNOWN,https://etherscan.io/tx/0x5adf7a7d0170b77ddba909f1fef22e7c31a20ed90d99fe19f67fc1286d01ea7f,unknown,ETH,ETH,ETH,
0x8e3616042e1c4f49ae3d14769499e156a4029304b8a097839a41d85d7fee48d0,0xb9623632c4e6de8b97b28b4ac928eaf62177d301,0x307576dd4f73f91bb8c4a2edb762938e8e067d31,0.009969313372378,ETH,historical price unavailable,2026-09-01T17:55:47Z,UNKNOWN,UNKNOWN,https://etherscan.io/tx/0x8e3616042e1c4f49ae3d14769499e156a4029304b8a097839a41d85d7fee48d0,suspicious_flow,ETH,ETH,ETH,
0x48e400db9e71b7d6477724270f55d48bf92566bafd7433ea46c94904ccb02d23,0x307576dd4f73f91bb8c4a2edb762938e8e067d31,0xa0b86991c6218b36c1d19d4a2e9eb0ce3606eb48,0.0,ETH,historical price unavailable,2026-09-01T19:14:23Z,UNKNOWN,UNKNOWN,https://etherscan.io/tx/0x48e400db9e71b7d6477724270f55d48bf92566bafd7433ea46c94904ccb02d23,unknown,ETH,ETH,ETH,
0x934957d74cadb035ac5aba50c3ac0e22b58e83f81e43c88867ad20a18a0e0df8,0x307576dd4f73f91bb8c4a2edb762938e8e067d31,0x4b6c8eb409292b371254aeb535cba35cb707f787,0.055699795358383,ETH,historical price unavailable,2026-09-01T19:14:23Z,UNKNOWN,UNKNOWN,https://etherscan.io/tx/0x934957d74cadb035ac5aba50c3ac0e22b58e83f81e43c88867ad20a18a0e0df8,suspicious_flow,ETH,ETH,ETH,
0x93284140513d74af25288d8d7053885714ef974c6561940cc228249c109276ca,0x307576dd4f73f91bb8c4a2edb762938e8e067d31,0xb81970dbf635d91510a9fb3d0f76ed1c63771587,0.0099374852931681,ETH,historical price unavailable,2026-09-01T19:14:23Z,UNKNOWN,UNKNOWN,https://etherscan.io/tx/0x93284140513d74af25288d8d7053885714ef974c6561940cc228249c109276ca,suspicious_flow,ETH,ETH,ETH,
0xbbc6d325e6eda3dc1445b3c690280293ff4c62623874c603bfeb9fb27f26a0da,0x307576dd4f73f91bb8c4a2edb762938e8e067d31,0x08766fd10f1433e961e72830f28a72c6208c794b,0.414241315812375,ETH,historical price unavailable,2026-09-01T19:14:23Z,UNKNOWN,UNKNOWN,https://etherscan.io/tx/0xbbc6d325e6eda3dc1445b3c690280293ff4c62623874c603bfeb9fb27f26a0da,suspicious_flow,ETH,ETH,ETH,
0x461bef659a913f3ad4224b968940dedbe3202c73425a1170faa87079eccf5ef7,0x307576dd4f73f91bb8c4a2edb762938e8e067d31,0xf481bde6ceb6c0acfbf4ea4b94e735c817c1e943,0.336193452084602,ETH,historical price unavailable,2026-09-01T19:14:35Z,UNKNOWN,UNKNOWN,https://etherscan.io/tx/0x461bef659a913f3ad4224b968940dedbe3202c73425a1170faa87079eccf5ef7,suspicious_flow,ETH,ETH,ETH,
0xa3ca92a1f0de88f4e5ea3d22eba6c3a03016c5782ff246bf59c0fc241cfb530a,0x307576dd4f73f91bb8c4a2edb762938e8e067d31,0x3641c62f6b741d9b1219df7cdec4f2517bc6de64,0.066253049042922,ETH,historical price unavailable,2026-09-01T19:14:35Z,UNKNOWN,UNKNOWN,https://etherscan.io/tx/0xa3ca92a1f0de88f4e5ea3d22eba6c3a03016c5782ff246bf59c0fc241cfb530a,suspicious_flow,ETH,ETH,ETH,
0x95e6a95d30864ce7de1a6b6f420103462db08c389cd964af778d61558d51c5fe,0xb9623632c4e6de8b97b28b4ac928eaf62177d301,0xa0b86991c6218b36c1d19d4a2e9eb0ce3606eb48,0.0,ETH,historical price unavailable,2026-09-01T19:15:23Z,UNKNOWN,UNKNOWN,https://etherscan.io/tx/0x95e6a95d30864ce7de1a6b6f420103462db08c389cd964af778d61558d51c5fe,unknown,ETH,ETH,ETH,
0xd24195cce4f533bb4212ec6ed6edad50a8628e8303b04501fa6c6f03aa2fbcf0,0xb9623632c4e6de8b97b28b4ac928eaf62177d301,0x307576dd4f73f91bb8c4a2edb762938e8e067d31,0.009979706336827,ETH,historical price unavailable,2026-09-01T19:15:47Z,UNKNOWN,UNKNOWN,https://etherscan.io/tx/0xd24195cce4f533bb4212ec6ed6edad50a8628e8303b04501fa6c6f03aa2fbcf0,suspicious_flow,ETH,ETH,ETH,
0xeb7294334850db143fb2efa13019c234f677a437be16091c79c3b3583960d921,0x307576dd4f73f91bb8c4a2edb762938e8e067d31,0xb81970dbf635d91510a9fb3d0f76ed1c63771587,0.0062089436361933,ETH,historical price unavailable,2026-09-01T19:16:47Z,UNKNOWN,UNKNOWN,https://etherscan.io/tx/0xeb7294334850db143fb2efa13019c234f677a437be16091c79c3b3583960d921,suspicious_flow,ETH,ETH,ETH,
0x7c846fed510b912b840d665fae0f801ddc26107b0ab70d8717f675fcaa535df2,0x307576dd4f73f91bb8c4a2edb762938e8e067d31,0xc4509809cc7623470cef2670bcf378c49b841a7c,0.218499223620704,ETH,historical price unavailable,2026-09-01T19:16:59Z,UNKNOWN,UNKNOWN,https://etherscan.io/tx/0x7c846fed510b912b840d665fae0f801ddc26107b0ab70d8717f675fcaa535df2,suspicious_flow,ETH,ETH,ETH,
0x1039398e4b5bcd735eb8b6b202e86f77ebcb3b0f4d28713697697b1a1b22136a,0x307576dd4f73f91bb8c4a2edb762938e8e067d31,0xa0b86991c6218b36c1d19d4a2e9eb0ce3606eb48,0.0,ETH,historical price unavailable,2026-09-01T19:16:59Z,UNKNOWN,UNKNOWN,https://etherscan.io/tx/0x1039398e4b5bcd735eb8b6b202e86f77ebcb3b0f4d28713697697b1a1b22136a,unknown,ETH,ETH,ETH,
0xe88be9c238dde8563911e20a9a43e1046497d5fcad1d0497a936ca01f37ea455,0x307576dd4f73f91bb8c4a2edb762938e8e067d31,0xdac17f958d2ee523a2206206994597c13d831ec7,0.0,ETH,historical price unavailable,2026-09-01T19:17:23Z,UNKNOWN,UNKNOWN,https://etherscan.io/tx/0xe88be9c238dde8563911e20a9a43e1046497d5fcad1d0497a936ca01f37ea455,unknown,ETH,ETH,ETH,
0x7691ecf7be9703e8b12cdfdd2f89452bd66fe1691f674b7626b54e7a235bb9a0,0x307576dd4f73f91bb8c4a2edb762938e8e067d31,0xa0b86991c6218b36c1d19d4a2e9eb0ce3606eb48,0.0,ETH,historical price unavailable,2026-09-01T19:17:23Z,UNKNOWN,UNKNOWN,https://etherscan.io/tx/0x7691ecf7be9703e8b12cdfdd2f89452bd66fe1691f674b7626b54e7a235bb9a0,unknown,ETH,ETH,ETH,
0x38407807ae3fa5b60a5bb6c33b04580ea95332a5bc4693b6050c92cc0ec6c72f,0x307576dd4f73f91bb8c4a2edb762938e8e067d31,0xdac17f958d2ee523a2206206994597c13d831ec7,0.0,ETH,historical price unavailable,2026-09-01T19:17:23Z,UNKNOWN,UNKNOWN,https://etherscan.io/tx/0x38407807ae3fa5b60a5bb6c33b04580ea95332a5bc4693b6050c92cc0ec6c72f,unknown,ETH,ETH,ETH,
0x631e0763209e41054afd897bb96ca4693b1c3116b0bcc8c61e5a78ea92a3f0a1,0x307576dd4f73f91bb8c4a2edb762938e8e067d31,0xa0b86991c6218b36c1d19d4a2e9eb0ce3606eb48,0.0,ETH,historical price unavailable,2026-09-01T19:17:35Z,UNKNOWN,UNKNOWN,https://etherscan.io/tx/0x631e0763209e41054afd897bb96ca4693b1c3116b0bcc8c61e5a78ea92a3f0a1,unknown,ETH,ETH,ETH,
0xc1ab62c335af38d25e44b8a41c6c3367207191e89f374ccb260ed69aa69f86e7,0x307576dd4f73f91bb8c4a2edb762938e8e067d31,0xdac17f958d2ee523a2206206994597c13d831ec7,0.0,ETH,historical price unavailable,2026-09-01T19:17:47Z,UNKNOWN,UNKNOWN,https://etherscan.io/tx/0xc1ab62c335af38d25e44b8a41c6c3367207191e89f374ccb260ed69aa69f86e7,unknown,ETH,ETH,ETH,
0xf473e419d9e144f722288f4b23489db0f612164885049e7457e01e8b4486fa05,0x307576dd4f73f91bb8c4a2edb762938e8e067d31,0xc30c3ca547754758d0743a1b9e7d698e4f1d53e9,0.29859001607179503,ETH,historical price unavailable,2026-09-01T19:18:59Z,UNKNOWN,UNKNOWN,https://etherscan.io/tx/0xf473e419d9e144f722288f4b23489db0f612164885049e7457e01e8b4486fa05,suspicious_flow,ETH,ETH,ETH,
0xb31257f712dd8703da4f15cddf6a45346be53e32bf43663f35e3f7bf9f92c081,0x307576dd4f73f91bb8c4a2edb762938e8e067d31,0xae81cb97bd7445201f022df1c0c4ed36ac948e54,0.17393866789538498,ETH,historical price unavailable,2026-09-01T19:19:11Z,UNKNOWN,UNKNOWN,https://etherscan.io/tx/0xb31257f712dd8703da4f15cddf6a45346be53e32bf43663f35e3f7bf9f92c081,suspicious_flow,ETH,ETH,ETH,
0x949b2013b5628a3ba93cce7a6a693af275a4dce31b00872776deb9d256bc06ff,0x307576dd4f73f91bb8c4a2edb762938e8e067d31,0x0ed0dbe36e235c6149ce16f57633cd3d3d569828,0.020702576376773,ETH,historical price unavailable,2026-09-01T19:19:23Z,UNKNOWN,UNKNOWN,https://etherscan.io/tx/0x949b2013b5628a3ba93cce7a6a693af275a4dce31b00872776deb9d256bc06ff,suspicious_flow,ETH,ETH,ETH,
0x0d5d38f87419ab90ab8f0b37da4965cdb6b78396cb82c9204bd4011271916f38,0x307576dd4f73f91bb8c4a2edb762938e8e067d31,0xa0b86991c6218b36c1d19d4a2e9eb0ce3606eb48,0.0,ETH,historical price unavailable,2026-09-01T19:19:59Z,UNKNOWN,UNKNOWN,https://etherscan.io/tx/0x0d5d38f87419ab90ab8f0b37da4965cdb6b78396cb82c9204bd4011271916f38,unknown,ETH,ETH,ETH,
0xd46475a37f97ff3b5ca674346b15df25045c67babed2b7eb57b88f4afa8ef63c,0x307576dd4f73f91bb8c4a2edb762938e8e067d31,0xa0b86991c6218b36c1d19d4a2e9eb0ce3606eb48,0.0,ETH,historical price unavailable,2026-09-01T19:20:11Z,UNKNOWN,UNKNOWN,https://etherscan.io/tx/0xd46475a37f97ff3b5ca674346b15df25045c67babed2b7eb57b88f4afa8ef63c,unknown,ETH,ETH,ETH,
0xc1b6d1165e6675866887f200c12ff75ea04305abd89a40fe124a5a28499eafa6,0x307576dd4f73f91bb8c4a2edb762938e8e067d31,0xdac17f958d2ee523a2206206994597c13d831ec7,0.0,ETH,historical price unavailable,2026-09-01T19:20:11Z,UNKNOWN,UNKNOWN,https://etherscan.io/tx/0xc1b6d1165e6675866887f200c12ff75ea04305abd89a40fe124a5a28499eafa6,unknown,ETH,ETH,ETH,
0x402e1d24a8fc4ae26fe5fcce42f14ac7a89109c4bad076be74b597c9e4081d93,0x307576dd4f73f91bb8c4a2edb762938e8e067d31,0xdac17f958d2ee523a2206206994597c13d831ec7,0.0,ETH,historical price unavailable,2026-09-01T19:20:23Z,UNKNOWN,UNKNOWN,https://etherscan.io/tx/0x402e1d24a8fc4ae26fe5fcce42f14ac7a89109c4bad076be74b597c9e4081d93,unknown,ETH,ETH,ETH,
0xdc87b7c5e15b2e73627d2848c35c8e8e1dbcd5f8154a883ecb7d591778ce8e89,0x307576dd4f73f91bb8c4a2edb762938e8e067d31,0xa0b86991c6218b36c1d19d4a2e9eb0ce3606eb48,0.0,ETH,historical price unavailable,2026-09-01T19:21:23Z,UNKNOWN,UNKNOWN,https://etherscan.io/tx/0xdc87b7c5e15b2e73627d2848c35c8e8e1dbcd5f8154a883ecb7d591778ce8e89,unknown,ETH,ETH,ETH,
0xb800feca4f154e59b851bc74b64dc58d46c294ee82ffb4d573fbae0cc0ef3aec,0x307576dd4f73f91bb8c4a2edb762938e8e067d31,0xd97c8c58ef8b0caeb0659e33c41133a54cd8799f,0.504179472004307,ETH,historical price unavailable,2026-09-01T19:21:23Z,UNKNOWN,UNKNOWN,https://etherscan.io/tx/0xb800feca4f154e59b851bc74b64dc58d46c294ee82ffb4d573fbae0cc0ef3aec,suspicious_flow,ETH,ETH,ETH,
0x49a75fa2953a884ed50c01c241b5a5a7f6a697be70dc63bd18c1f26d845198c1,0x307576dd4f73f91bb8c4a2edb762938e8e067d31,0xa0b86991c6218b36c1d19d4a2e9eb0ce3606eb48,0.0,ETH,historical price unavailable,2026-09-01T19:21:35Z,UNKNOWN,UNKNOWN,https://etherscan.io/tx/0x49a75fa2953a884ed50c01c241b5a5a7f6a697be70dc63bd18c1f26d845198c1,unknown,ETH,ETH,ETH,
0x5d4b9e28898ace2bdb2119265f58d08ce4c622d50e8063fed55df58a8928c394,0x307576dd4f73f91bb8c4a2edb762938e8e067d31,0x967ac2b8ad9ad57c92deb7c4c8c60ecb4aaf0ab9,0.010076222275136,ETH,historical price unavailable,2026-09-01T19:22:23Z,UNKNOWN,UNKNOWN,https://etherscan.io/tx/0x5d4b9e28898ace2bdb2119265f58d08ce4c622d50e8063fed55df58a8928c394,suspicious_flow,ETH,ETH,ETH,
0x5dd7970a9711cad3ff681da5efbff77845309356d08725f3052ed775e8e3f5d8,0x307576dd4f73f91bb8c4a2edb762938e8e067d31,0xdac17f958d2ee523a2206206994597c13d831ec7,0.0,ETH,historical price unavailable,2026-09-01T19:22:23Z,UNKNOWN,UNKNOWN,https://etherscan.io/tx/0x5dd7970a9711cad3ff681da5efbff77845309356d08725f3052ed775e8e3f5d8,unknown,ETH,ETH,ETH,
0x6bf2b00d5fe221b5df42a219ec0c626420f88d941f5a6b399b2e8c0ae4c6621c,0x307576dd4f73f91bb8c4a2edb762938e8e067d31,0xdac17f958d2ee523a2206206994597c13d831ec7,0.0,ETH,historical price unavailable,2026-09-01T19:22:23Z,UNKNOWN,UNKNOWN,https://etherscan.io/tx/0x6bf2b00d5fe221b5df42a219ec0c626420f88d941f5a6b399b2e8c0ae4c6621c,unknown,ETH,ETH,ETH,
0x3c2170395796929dabfdf37514a0541e05d121c82b8f4786c61974857c0767db,0x307576dd4f73f91bb8c4a2edb762938e8e067d31,0xa0b86991c6218b36c1d19d4a2e9eb0ce3606eb48,0.0,ETH,historical price unavailable,2026-09-01T19:22:23Z,UNKNOWN,UNKNOWN,https://etherscan.io/tx/0x3c2170395796929dabfdf37514a0541e05d121c82b8f4786c61974857c0767db,unknown,ETH,ETH,ETH,
0xfbb609ec1eb52ae5912310ce10355e229d3ad602740e6fab38118f42a9c9a9dd,0x307576dd4f73f91bb8c4a2edb762938e8e067d31,0xbaeb3a23acf845bf17567e6ddf6581aabc4f6a1d,0.014921929623304,ETH,historical price unavailable,2026-09-01T19:22:23Z,UNKNOWN,UNKNOWN,https://etherscan.io/tx/0xfbb609ec1eb52ae5912310ce10355e229d3ad602740e6fab38118f42a9c9a9dd,suspicious_flow,ETH,ETH,ETH,
0xfaa3c6904d67ebdd0918bad92321ea59ce441b5a7f12088d699a6dd1d928a2c6,0x307576dd4f73f91bb8c4a2edb762938e8e067d31,0xa0b86991c6218b36c1d19d4a2e9eb0ce3606eb48,0.0,ETH,historical price unavailable,2026-09-01T19:22:47Z,UNKNOWN,UNKNOWN,https://etherscan.io/tx/0xfaa3c6904d67ebdd0918bad92321ea59ce441b5a7f12088d699a6dd1d928a2c6,unknown,ETH,ETH,ETH,
0x8f0451849d410125e6f30b37bca50f1ed30133b26440fd93b58ffa4eb0665c15,0x307576dd4f73f91bb8c4a2edb762938e8e067d31,0xdac17f958d2ee523a2206206994597c13d831ec7,0.0,ETH,historical price unavailable,2026-09-01T19:22:47Z,UNKNOWN,UNKNOWN,https://etherscan.io/tx/0x8f0451849d410125e6f30b37bca50f1ed30133b26440fd93b58ffa4eb0665c15,unknown,ETH,ETH,ETH,
0xb7cd42498224ee828046584fb66ae1b79ba93f9502c0ff8acc7713ac736d15df,0x307576dd4f73f91bb8c4a2edb762938e8e067d31,0x8bc989f7ea84f72c710aea12b72ce962b55d7d55,0.5795957302647937,ETH,historical price unavailable,2026-09-01T19:24:11Z,UNKNOWN,UNKNOWN,https://etherscan.io/tx/0xb7cd42498224ee828046584fb66ae1b79ba93f9502c0ff8acc7713ac736d15df,suspicious_flow,ETH,ETH,ETH,
0x873be06c6fda22d33686b00f82e18771fd620e77abc555952947393a432f9796,0x307576dd4f73f91bb8c4a2edb762938e8e067d31,0xdac17f958d2ee523a2206206994597c13d831ec7,0.0,ETH,historical price unavailable,2026-09-01T19:24:11Z,UNKNOWN,UNKNOWN,https://etherscan.io/tx/0x873be06c6fda22d33686b00f82e18771fd620e77abc555952947393a432f9796,unknown,ETH,ETH,ETH,
0x7a78bffbe6536bf1b066f5e3c25f88773bc673afde528784f2dcef762e26d412,0x307576dd4f73f91bb8c4a2edb762938e8e067d31,0xdac17f958d2ee523a2206206994597c13d831ec7,0.0,ETH,historical price unavailable,2026-09-01T19:25:35Z,UNKNOWN,UNKNOWN,https://etherscan.io/tx/0x7a78bffbe6536bf1b066f5e3c25f88773bc673afde528784f2dcef762e26d412,unknown,ETH,ETH,ETH,
0x47f1656db2a8ea5b366aafb95773d6f4c39e6dc46c37e851f3740ac5dbe0ba8d,0x307576dd4f73f91bb8c4a2edb762938e8e067d31,0x1459df010b461ac41a502590bc1ebc3a6a1dd02b,0.0062059806526057,ETH,historical price unavailable,2026-09-01T19:25:35Z,UNKNOWN,UNKNOWN,https://etherscan.io/tx/0x47f1656db2a8ea5b366aafb95773d6f4c39e6dc46c37e851f3740ac5dbe0ba8d,suspicious_flow,ETH,ETH,ETH,
0xe2214fcfcbf81b90ec05e03a946dd5c1fe2a83d230bc1b7c5b9c1378c6a7faaf,0x307576dd4f73f91bb8c4a2edb762938e8e067d31,0x859608ce0c6883b7b42c73766471c9fd190da7e0,0.04552998535847663,ETH,historical price unavailable,2026-09-01T19:25:35Z,UNKNOWN,UNKNOWN,https://etherscan.io/tx/0xe2214fcfcbf81b90ec05e03a946dd5c1fe2a83d230bc1b7c5b9c1378c6a7faaf,suspicious_flow,ETH,ETH,ETH,
0xbdfe90fb73f3b59d6761dc772d2b0ff158ce10a7801892f65cadb751069f87bf,0x307576dd4f73f91bb8c4a2edb762938e8e067d31,0xa0b86991c6218b36c1d19d4a2e9eb0ce3606eb48,0.0,ETH,historical price unavailable,2026-09-01T19:26:47Z,UNKNOWN,UNKNOWN,https://etherscan.io/tx/0xbdfe90fb73f3b59d6761dc772d2b0ff158ce10a7801892f65cadb751069f87bf,unknown,ETH,ETH,ETH,
0x4dd0df672e091485858e1fc48b65bc37e3cd2f57bc61d26a12a063ceb6a82ecd,0x307576dd4f73f91bb8c4a2edb762938e8e067d31,0xdac17f958d2ee523a2206206994597c13d831ec7,0.0,ETH,historical price unavailable,2026-09-01T19:26:47Z,UNKNOWN,UNKNOWN,https://etherscan.io/tx/0x4dd0df672e091485858e1fc48b65bc37e3cd2f57bc61d26a12a063ceb6a82ecd,unknown,ETH,ETH,ETH,
0x7301ac65c28bfb60f51959616f34fdd6bda866a574fca138bdffc71ae8879f99,0x307576dd4f73f91bb8c4a2edb762938e8e067d31,0xa0b86991c6218b36c1d19d4a2e9eb0ce3606eb48,0.0,ETH,historical price unavailable,2026-09-01T19:26:47Z,UNKNOWN,UNKNOWN,https://etherscan.io/tx/0x7301ac65c28bfb60f51959616f34fdd6bda866a574fca138bdffc71ae8879f99,unknown,ETH,ETH,ETH,
0x39bf008f195bb53d789784e1bcdbd19bfb046726cc48038da5872816d6cda7ba,0x307576dd4f73f91bb8c4a2edb762938e8e067d31,0xdac17f958d2ee523a2206206994597c13d831ec7,0.0,ETH,historical price unavailable,2026-09-01T19:27:47Z,UNKNOWN,UNKNOWN,https://etherscan.io/tx/0x39bf008f195bb53d789784e1bcdbd19bfb046726cc48038da5872816d6cda7ba,unknown,ETH,ETH,ETH,
0x3f6e05509340773f586b839efa14e642c7d680ba88d1a64b5c1e4183c58ff33e,0x307576dd4f73f91bb8c4a2edb762938e8e067d31,0xc64152619e14c12a2c8a0af024e1cd302b7fab55,0.029783301378329,ETH,historical price unavailable,2026-09-01T19:27:47Z,UNKNOWN,UNKNOWN,https://etherscan.io/tx/0x3f6e05509340773f586b839efa14e642c7d680ba88d1a64b5c1e4183c58ff33e,suspicious_flow,ETH,ETH,ETH,
0x6b60ca744ffd5953efa4b5358933e07a54905ab0b7526be95bc42e4b754ab371,0x307576dd4f73f91bb8c4a2edb762938e8e067d31,0x62c9dfd41a9f75f5ca684e915baf340ee21f4447,0.016523141196679,ETH,historical price unavailable,2026-09-01T19:27:59Z,UNKNOWN,UNKNOWN,https://etherscan.io/tx/0x6b60ca744ffd5953efa4b5358933e07a54905ab0b7526be95bc42e4b754ab371,suspicious_flow,ETH,ETH,ETH,
0xd9dbf48c724289a8fd9510792c8bdffd00e4174a84f479f4a2e7dc2e87f843a9,0x307576dd4f73f91bb8c4a2edb762938e8e067d31,0xa0b86991c6218b36c1d19d4a2e9eb0ce3606eb48,0.0,ETH,historical price unavailable,2026-09-01T19:28:23Z,UNKNOWN,UNKNOWN,https://etherscan.io/tx/0xd9dbf48c724289a8fd9510792c8bdffd00e4174a84f479f4a2e7dc2e87f843a9,unknown,ETH,ETH,ETH,
0x9e6cb4a6d4e015b18d8167159aecc9fecde8f7844f4232d77e6a97d93385cb5c,0x307576dd4f73f91bb8c4a2edb762938e8e067d31,0xdac17f958d2ee523a2206206994597c13d831ec7,0.0,ETH,historical price unavailable,2026-09-01T19:28:35Z,UNKNOWN,UNKNOWN,https://etherscan.io/tx/0x9e6cb4a6d4e015b18d8167159aecc9fecde8f7844f4232d77e6a97d93385cb5c,unknown,ETH,ETH,ETH,
0x9de8196e8bdc48d292eeba122509d9aa8d3baa75fe18aa27d9de4bc46192abd3,0x307576dd4f73f91bb8c4a2edb762938e8e067d31,0xb3af51f183d2da69392add55c5b516a4a64d0714,0.070580052274785,ETH,historical price unavailable,2026-09-01T19:28:47Z,UNKNOWN,UNKNOWN,https://etherscan.io/tx/0x9de8196e8bdc48d292eeba122509d9aa8d3baa75fe18aa27d9de4bc46192abd3,suspicious_flow,ETH,ETH,ETH,
0xed334018bf4c65c4941ee81d7ad73042b6ee36ce2cbd7613917b0ad90e79f530,0x307576dd4f73f91bb8c4a2edb762938e8e067d31,0xa0b86991c6218b36c1d19d4a2e9eb0ce3606eb48,0.0,ETH,historical price unavailable,2026-09-01T19:28:59Z,UNKNOWN,UNKNOWN,https://etherscan.io/tx/0xed334018bf4c65c4941ee81d7ad73042b6ee36ce2cbd7613917b0ad90e79f530,unknown,ETH,ETH,ETH,
0xbd0c7ad4e98bf430028e6381ede48f815cea102862e566f0d2accbfcaba434b1,0x307576dd4f73f91bb8c4a2edb762938e8e067d31,0xdac17f958d2ee523a2206206994597c13d831ec7,0.0,ETH,historical price unavailable,2026-09-01T19:30:11Z,UNKNOWN,UNKNOWN,https://etherscan.io/tx/0xbd0c7ad4e98bf430028e6381ede48f815cea102862e566f0d2accbfcaba434b1,unknown,ETH,ETH,ETH,
0x52ae51f052b7fafa8aeb5a7dd865f234396da17a97d95180b9eebf572763daac,0x307576dd4f73f91bb8c4a2edb762938e8e067d31,0xdac17f958d2ee523a2206206994597c13d831ec7,0.0,ETH,historical price unavailable,2026-09-01T19:31:59Z,UNKNOWN,UNKNOWN,https://etherscan.io/tx/0x52ae51f052b7fafa8aeb5a7dd865f234396da17a97d95180b9eebf572763daac,unknown,ETH,ETH,ETH,
0x8dccde093853e527d5a0c36d143708b9881e4e55f3775d33431847a9845052e8,0x307576dd4f73f91bb8c4a2edb762938e8e067d31,0xa0b86991c6218b36c1d19d4a2e9eb0ce3606eb48,0.0,ETH,historical price unavailable,2026-09-01T19:31:59Z,UNKNOWN,UNKNOWN,https://etherscan.io/tx/0x8dccde093853e527d5a0c36d143708b9881e4e55f3775d33431847a9845052e8,unknown,ETH,ETH,ETH,
0x9e30823774c56aeaaedc2100e8cfd9bc48894c6447472e10112fdb2f4fa78028,0x307576dd4f73f91bb8c4a2edb762938e8e067d31,0xd97c8c58ef8b0caeb0659e33c41133a54cd8799f,0.028737064328417,ETH,historical price unavailable,2026-09-01T19:32:23Z,UNKNOWN,UNKNOWN,https://etherscan.io/tx/0x9e30823774c56aeaaedc2100e8cfd9bc48894c6447472e10112fdb2f4fa78028,suspicious_flow,ETH,ETH,ETH,
0x927ef2c1f9896603eede1bc67b8a92fcada05dcb051b820ad75c79485e7ba20d,0x307576dd4f73f91bb8c4a2edb762938e8e067d31,0xa0b86991c6218b36c1d19d4a2e9eb0ce3606eb48,0.0,ETH,historical price unavailable,2026-09-01T19:33:47Z,UNKNOWN,UNKNOWN,https://etherscan.io/tx/0x927ef2c1f9896603eede1bc67b8a92fcada05dcb051b820ad75c79485e7ba20d,unknown,ETH,ETH,ETH,
0x31ab3551e9ad864db4a499745a8535351b7f978558ed498296fa402f85b53933,0x307576dd4f73f91bb8c4a2edb762938e8e067d31,0xdac17f958d2ee523a2206206994597c13d831ec7,0.0,ETH,historical price unavailable,2026-09-01T19:34:11Z,UNKNOWN,UNKNOWN,https://etherscan.io/tx/0x31ab3551e9ad864db4a499745a8535351b7f978558ed498296fa402f85b53933,unknown,ETH,ETH,ETH,
0xdda5ee12fdb81af996fbc6d1fd6220d34a057a40ed81249524585dc5f51f57fa,0x307576dd4f73f91bb8c4a2edb762938e8e067d31,0xdab7ed47e754cb4f5bef3f8838e115c3bd5f2838,0.028919538343036,ETH,historical price unavailable,2026-09-01T19:34:35Z,UNKNOWN,UNKNOWN,https://etherscan.io/tx/0xdda5ee12fdb81af996fbc6d1fd6220d34a057a40ed81249524585dc5f51f57fa,suspicious_flow,ETH,ETH,ETH,
0x15eba97cab5f852644672d26e810cf168e332993bdc3f47ca17a00a0759e3a3c,0x307576dd4f73f91bb8c4a2edb762938e8e067d31,0xdac17f958d2ee523a2206206994597c13d831ec7,0.0,ETH,historical price unavailable,2026-09-01T19:34:59Z,UNKNOWN,UNKNOWN,https://etherscan.io/tx/0x15eba97cab5f852644672d26e810cf168e332993bdc3f47ca17a00a0759e3a3c,unknown,ETH,ETH,ETH,
0x2853a8fb27f36b8cd63151b77c32498789a8f66170ff159f164eb4a736294577,0x307576dd4f73f91bb8c4a2edb762938e8e067d31,0x82fed9d8faef96b4e424f3841ceea32286085c11,0.105151811546033,ETH,historical price unavailable,2026-09-01T19:36:11Z,UNKNOWN,UNKNOWN,https://etherscan.io/tx/0x2853a8fb27f36b8cd63151b77c32498789a8f66170ff159f164eb4a736294577,suspicious_flow,ETH,ETH,ETH,
0xc8e3774dccdbf54dfdf451a424d2d27387c40663879202c3ccc5f92d2e8b1b5d,0x307576dd4f73f91bb8c4a2edb762938e8e067d31,0xdac17f958d2ee523a2206206994597c13d831ec7,0.0,ETH,historical price unavailable,2026-09-01T19:36:23Z,UNKNOWN,UNKNOWN,https://etherscan.io/tx/0xc8e3774dccdbf54dfdf451a424d2d27387c40663879202c3ccc5f92d2e8b1b5d,unknown,ETH,ETH,ETH,
0x415c8a442574db7ec6cbaa175241cbf647c5b5f9ec9ae98fbeef3fb70765461b,0x307576dd4f73f91bb8c4a2edb762938e8e067d31,0xa0b86991c6218b36c1d19d4a2e9eb0ce3606eb48,0.0,ETH,historical price unavailable,2026-09-01T19:36:59Z,UNKNOWN,UNKNOWN,https://etherscan.io/tx/0x415c8a442574db7ec6cbaa175241cbf647c5b5f9ec9ae98fbeef3fb70765461b,unknown,ETH,ETH,ETH,
0x0fe7b561b8ec8267fa03285a2ed4bd5be064aca13e944817125f96f65835ca0e,0x307576dd4f73f91bb8c4a2edb762938e8e067d31,0xa0b86991c6218b36c1d19d4a2e9eb0ce3606eb48,0.0,ETH,historical price unavailable,2026-09-01T19:37:11Z,UNKNOWN,UNKNOWN,https://etherscan.io/tx/0x0fe7b561b8ec8267fa03285a2ed4bd5be064aca13e944817125f96f65835ca0e,unknown,ETH,ETH,ETH,
0x91cea44a0a76a00248db44987d01fcfcaa29c98664f20cda3b51d86cdb395c98,0x307576dd4f73f91bb8c4a2edb762938e8e067d31,0xa0b86991c6218b36c1d19d4a2e9eb0ce3606eb48,0.0,ETH,historical price unavailable,2026-09-01T19:37:23Z,UNKNOWN,UNKNOWN,https://etherscan.io/tx/0x91cea44a0a76a00248db44987d01fcfcaa29c98664f20cda3b51d86cdb395c98,unknown,ETH,ETH,ETH,
0xfbf8a3e1af712bfa4f43d62d3654a2fa13e01f6533ff09540be825c1d31445c1,0x307576dd4f73f91bb8c4a2edb762938e8e067d31,0xa0b86991c6218b36c1d19d4a2e9eb0ce3606eb48,0.0,ETH,historical price unavailable,2026-09-01T19:37:35Z,UNKNOWN,UNKNOWN,https://etherscan.io/tx/0xfbf8a3e1af712bfa4f43d62d3654a2fa13e01f6533ff09540be825c1d31445c1,unknown,ETH,ETH,ETH,
0xdf3fbe5f68b1584b7037e18a9c57b89d9bba95bd4fd52e311a43dd73106dcf4b,0x307576dd4f73f91bb8c4a2edb762938e8e067d31,0xb78c356771fc03da825cd9444d7ffda1c73ccee9,0.0086129316127101,ETH,historical price unavailable,2026-09-01T19:37:47Z,UNKNOWN,UNKNOWN,https://etherscan.io/tx/0xdf3fbe5f68b1584b7037e18a9c57b89d9bba95bd4fd52e311a43dd73106dcf4b,suspicious_flow,ETH,ETH,ETH,
0xd478b99a4244d64aaab82893861a6c5a4548b243a35e0f8394936aaf25f7e506,0x307576dd4f73f91bb8c4a2edb762938e8e067d31,0xc4ceddd3dd26137cdbce59c3a69c9eb257b1d3da,1.009413537652581,ETH,historical price unavailable,2026-09-01T19:37:59Z,UNKNOWN,UNKNOWN,https://etherscan.io/tx/0xd478b99a4244d64aaab82893861a6c5a4548b243a35e0f8394936aaf25f7e506,suspicious_flow,ETH,ETH,ETH,
0x5a54fc9c186d404caab020d1f016a075058b4b9cc506f04f04043aff06880f74,0x307576dd4f73f91bb8c4a2edb762938e8e067d31,0xdac17f958d2ee523a2206206994597c13d831ec7,0.0,ETH,historical price unavailable,2026-09-01T19:37:59Z,UNKNOWN,UNKNOWN,https://etherscan.io/tx/0x5a54fc9c186d404caab020d1f016a075058b4b9cc506f04f04043aff06880f74,unknown,ETH,ETH,ETH,
0xae84d9abe92bf029e5c3c4cd707aaf17dc6f91dda12f8f71526adccda574afbf,0x307576dd4f73f91bb8c4a2edb762938e8e067d31,0xa0b86991c6218b36c1d19d4a2e9eb0ce3606eb48,0.0,ETH,historical price unavailable,2026-09-01T19:38:35Z,UNKNOWN,UNKNOWN,https://etherscan.io/tx/0xae84d9abe92bf029e5c3c4cd707aaf17dc6f91dda12f8f71526adccda574afbf,unknown,ETH,ETH,ETH,
0x96320965cdb4930e2afdf33c499bd14cc124226c6bc376b0494d6bc10a1758d5,0x307576dd4f73f91bb8c4a2edb762938e8e067d31,0xa0b86991c6218b36c1d19d4a2e9eb0ce3606eb48,0.0,ETH,historical price unavailable,2026-09-01T19:38:47Z,UNKNOWN,UNKNOWN,https://etherscan.io/tx/0x96320965cdb4930e2afdf33c499bd14cc124226c6bc376b0494d6bc10a1758d5,unknown,ETH,ETH,ETH,
0xd1cb152ef089ef9453504a21e6e20988021bedefc5133433659af8aea5e57bfd,0x307576dd4f73f91bb8c4a2edb762938e8e067d31,0xaa658c8653763dd262c9d519d6bb2e1198a109f2,0.33943337304188304,ETH,historical price unavailable,2026-09-01T19:39:59Z,UNKNOWN,UNKNOWN,https://etherscan.io/tx/0xd1cb152ef089ef9453504a21e6e20988021bedefc5133433659af8aea5e57bfd,suspicious_flow,ETH,ETH,ETH,
0x0822277aeec0d837bba308d97a84de6b907205306e5e91bf2a91b425ecb18bd7,0x307576dd4f73f91bb8c4a2edb762938e8e067d31,0xa0b86991c6218b36c1d19d4a2e9eb0ce3606eb48,0.0,ETH,historical price unavailable,2026-09-01T19:42:47Z,UNKNOWN,UNKNOWN,https://etherscan.io/tx/0x0822277aeec0d837bba308d97a84de6b907205306e5e91bf2a91b425ecb18bd7,unknown,ETH,ETH,ETH,
0x9b94589a16da7068378e318bcc97bda4573eb71aa1b2c8b8985b8e8394df39f9,0x307576dd4f73f91bb8c4a2edb762938e8e067d31,0xa5e5274406d1cc3bbef97c85d3d318d7581ccb14,0.28940632393084303,ETH,historical price unavailable,2026-09-01T19:44:35Z,UNKNOWN,UNKNOWN,https://etherscan.io/tx/0x9b94589a16da7068378e318bcc97bda4573eb71aa1b2c8b8985b8e8394df39f9,suspicious_flow,ETH,ETH,ETH,
0xa490141dd425701be1398e10520edfcee88628c0045264b20c5f8d8385c2ed00,0x307576dd4f73f91bb8c4a2edb762938e8e067d31,0x22c5565d1357fccae7f559905242268992997700,0.012403791162779,ETH,historical price unavailable,2026-09-01T19:44:35Z,UNKNOWN,UNKNOWN,https://etherscan.io/tx/0xa490141dd425701be1398e10520edfcee88628c0045264b20c5f8d8385c2ed00,suspicious_flow,ETH,ETH,ETH,
0xb4ff6c8de976c145d6ee68dc7f8b879b610a85a35aefc43d02545d9c68864e3a,0x307576dd4f73f91bb8c4a2edb762938e8e067d31,0x6f2684f2e65d05b49e6f3f1264d8c0845d5d32ee,0.314225325595095,ETH,historical price unavailable,2026-09-01T19:45:11Z,UNKNOWN,UNKNOWN,https://etherscan.io/tx/0xb4ff6c8de976c145d6ee68dc7f8b879b610a85a35aefc43d02545d9c68864e3a,suspicious_flow,ETH,ETH,ETH,
0xf4534f58001d06fd4737485470d2725d259f5ac2605091c098571c6634606e6f,0x307576dd4f73f91bb8c4a2edb762938e8e067d31,0xa0d5135b979080f56dc4775de6c817ea3852c49f,0.16798340943936602,ETH,historical price unavailable,2026-09-01T19:45:23Z,UNKNOWN,UNKNOWN,https://etherscan.io/tx/0xf4534f58001d06fd4737485470d2725d259f5ac2605091c098571c6634606e6f,suspicious_flow,ETH,ETH,ETH,
0x7afd7e02fe4b2f7f18bcb406730abe1ad1437aab2c5947f855008766ff5030c4,0x307576dd4f73f91bb8c4a2edb762938e8e067d31,0xbb53ca459fe12c95094084a21cd738e42fb32961,0.143800551425182,ETH,historical price unavailable,2026-09-01T19:45:47Z,UNKNOWN,UNKNOWN,https://etherscan.io/tx/0x7afd7e02fe4b2f7f18bcb406730abe1ad1437aab2c5947f855008766ff5030c4,suspicious_flow,ETH,ETH,ETH,
0xb7e8629d880bac8dcca6b8622ad2daf785fd92e8b7e98b613e36516393ece1a9,0x307576dd4f73f91bb8c4a2edb762938e8e067d31,0xa0b86991c6218b36c1d19d4a2e9eb0ce3606eb48,0.0,ETH,historical price unavailable,2026-09-01T19:45:59Z,UNKNOWN,UNKNOWN,https://etherscan.io/tx/0xb7e8629d880bac8dcca6b8622ad2daf785fd92e8b7e98b613e36516393ece1a9,unknown,ETH,ETH,ETH,
0xbcc118f11879a8219d85147c102c17464da12b7678ac8129fd2719d178695877,0x307576dd4f73f91bb8c4a2edb762938e8e067d31,0x312e30c243a370f98fa2fc55073512b6ced73d54,0.37222545992296,ETH,historical price unavailable,2026-09-01T19:45:59Z,UNKNOWN,UNKNOWN,https://etherscan.io/tx/0xbcc118f11879a8219d85147c102c17464da12b7678ac8129fd2719d178695877,suspicious_flow,ETH,ETH,ETH,
0x35cca4f4c8c02b9ca92411b9262f51b7c5e182e2a3f2c4a207c3d668f59b492b,0x307576dd4f73f91bb8c4a2edb762938e8e067d31,0xa0b86991c6218b36c1d19d4a2e9eb0ce3606eb48,0.0,ETH,historical price unavailable,2026-09-01T19:45:59Z,UNKNOWN,UNKNOWN,https://etherscan.io/tx/0x35cca4f4c8c02b9ca92411b9262f51b7c5e182e2a3f2c4a207c3d668f59b492b,unknown,ETH,ETH,ETH,
0x3ca93acaf8ab60376af14cc3c4f9dd28bf74e2e26cc973469a66ce6c9371b225,0x307576dd4f73f91bb8c4a2edb762938e8e067d31,0xa0b86991c6218b36c1d19d4a2e9eb0ce3606eb48,0.0,ETH,historical price unavailable,2026-09-01T19:46:11Z,UNKNOWN,UNKNOWN,https://etherscan.io/tx/0x3ca93acaf8ab60376af14cc3c4f9dd28bf74e2e26cc973469a66ce6c9371b225,unknown,ETH,ETH,ETH,
0x7eb7c71555a92cefb9ee90fee6bf4ea262770374c9c2a32e8e8faced648338bc,0x307576dd4f73f91bb8c4a2edb762938e8e067d31,0xdac17f958d2ee523a2206206994597c13d831ec7,0.0,ETH,historical price unavailable,2026-09-01T19:47:11Z,UNKNOWN,UNKNOWN,https://etherscan.io/tx/0x7eb7c71555a92cefb9ee90fee6bf4ea262770374c9c2a32e8e8faced648338bc,unknown,ETH,ETH,ETH,
0x519bded31107fe218515589a00b2b1e5ddaf9e61886e261b1da73486631eb8ff,0x307576dd4f73f91bb8c4a2edb762938e8e067d31,0x7a76fef79ab061f9f6f01a6d051d13632df55e9f,0.289720200690628,ETH,historical price unavailable,2026-09-01T19:47:11Z,UNKNOWN,UNKNOWN,https://etherscan.io/tx/0x519bded31107fe218515589a00b2b1e5ddaf9e61886e261b1da73486631eb8ff,suspicious_flow,ETH,ETH,ETH,
0x9dc2c5bb1d4dd2494bf6dbad13ae06a51201fe1d796097795727c47779b2ce15,0x307576dd4f73f91bb8c4a2edb762938e8e067d31,0xdac17f958d2ee523a2206206994597c13d831ec7,0.0,ETH,historical price unavailable,2026-09-01T19:47:23Z,UNKNOWN,UNKNOWN,https://etherscan.io/tx/0x9dc2c5bb1d4dd2494bf6dbad13ae06a51201fe1d796097795727c47779b2ce15,unknown,ETH,ETH,ETH,
0x1aae7954fd127f53000599fe9bc0084e8fd0b969fff874c0a8cb49fefc0d30c4,0x307576dd4f73f91bb8c4a2edb762938e8e067d31,0x312e30c243a370f98fa2fc55073512b6ced73d54,0.08277401057815299,ETH,historical price unavailable,2026-09-01T19:47:47Z,UNKNOWN,UNKNOWN,https://etherscan.io/tx/0x1aae7954fd127f53000599fe9bc0084e8fd0b969fff874c0a8cb49fefc0d30c4,suspicious_flow,ETH,ETH,ETH,
0xf7ba3293c28b7f6a6caaf0b2a0daba06d44aba0fd628bc67510829a0f1448214,0x307576dd4f73f91bb8c4a2edb762938e8e067d31,0xa0b86991c6218b36c1d19d4a2e9eb0ce3606eb48,0.0,ETH,historical price unavailable,2026-09-01T19:48:11Z,UNKNOWN,UNKNOWN,https://etherscan.io/tx/0xf7ba3293c28b7f6a6caaf0b2a0daba06d44aba0fd628bc67510829a0f1448214,unknown,ETH,ETH,ETH,
0x1936a8d20684c69f7d64a95fd3c832fb3166cec3b391bdb8b285e0768eef319f,0x307576dd4f73f91bb8c4a2edb762938e8e067d31,0xa0b86991c6218b36c1d19d4a2e9eb0ce3606eb48,0.0,ETH,historical price unavailable,2026-09-01T19:48:23Z,UNKNOWN,UNKNOWN,https://etherscan.io/tx/0x1936a8d20684c69f7d64a95fd3c832fb3166cec3b391bdb8b285e0768eef319f,unknown,ETH,ETH,ETH,
0x85d0be65e2d6eedb4ec74eb2545146736f0cf36e838ee729de5b3aca7c9e4178,0x307576dd4f73f91bb8c4a2edb762938e8e067d31,0xdac17f958d2ee523a2206206994597c13d831ec7,0.0,ETH,historical price unavailable,2026-09-01T19:48:59Z,UNKNOWN,UNKNOWN,https://etherscan.io/tx/0x85d0be65e2d6eedb4ec74eb2545146736f0cf36e838ee729de5b3aca7c9e4178,unknown,ETH,ETH,ETH,
0x8fcfbe2098a9a620b26ad829a04f539f64d242891a112463015b39f785032460,0x307576dd4f73f91bb8c4a2edb762938e8e067d31,0x7d1c1a97b67826dd1dd1dfef75866b3343245460,0.41388740805222,ETH,historical price unavailable,2026-09-01T19:49:23Z,UNKNOWN,UNKNOWN,https://etherscan.io/tx/0x8fcfbe2098a9a620b26ad829a04f539f64d242891a112463015b39f785032460,suspicious_flow,ETH,ETH,ETH,
0x21c8c406dcdc10587b878e7d211fd41c6c60bbb0f0206ae1a3830f6333c11abf,0x307576dd4f73f91bb8c4a2edb762938e8e067d31,0xa0b86991c6218b36c1d19d4a2e9eb0ce3606eb48,0.0,ETH,historical price unavailable,2026-09-01T19:49:47Z,UNKNOWN,UNKNOWN,https://etherscan.io/tx/0x21c8c406dcdc10587b878e7d211fd41c6c60bbb0f0206ae1a3830f6333c11abf,unknown,ETH,ETH,ETH,
0x04a7c16f7554c9dabf8bb9e204179d2e4e2631d9fec9b25e0ed9b5c7cd9712e1,0x307576dd4f73f91bb8c4a2edb762938e8e067d31,0xa0b86991c6218b36c1d19d4a2e9eb0ce3606eb48,0.0,ETH,historical price unavailable,2026-09-01T19:51:47Z,UNKNOWN,UNKNOWN,https://etherscan.io/tx/0x04a7c16f7554c9dabf8bb9e204179d2e4e2631d9fec9b25e0ed9b5c7cd9712e1,unknown,ETH,ETH,ETH,
0xe687af8d4000b2198be461f066017a3636ee3da0fc11b494f4d1b46f9a9900f8,0x307576dd4f73f91bb8c4a2edb762938e8e067d31,0x05da657c6be0c87d87e617bfffc3c29fb975a5b8,0.0144876330182634,ETH,historical price unavailable,2026-09-01T19:53:23Z,UNKNOWN,UNKNOWN,https://etherscan.io/tx/0xe687af8d4000b2198be461f066017a3636ee3da0fc11b494f4d1b46f9a9900f8,suspicious_flow,ETH,ETH,ETH,
0x049795caf1c955d96e15ecf230ab6d4b6a062eac764ed0bd210ec293ef620d69,0x307576dd4f73f91bb8c4a2edb762938e8e067d31,0x312e30c243a370f98fa2fc55073512b6ced73d54,0.082802129701652,ETH,historical price unavailable,2026-09-01T19:54:11Z,UNKNOWN,UNKNOWN,https://etherscan.io/tx/0x049795caf1c955d96e15ecf230ab6d4b6a062eac764ed0bd210ec293ef620d69,suspicious_flow,ETH,ETH,ETH,
0xa6e5731a5c8d80f97b9c6f1e87735525d2a909bf1ed557292ad0433bbc13dffd,0x307576dd4f73f91bb8c4a2edb762938e8e067d31,0xa0b86991c6218b36c1d19d4a2e9eb0ce3606eb48,0.0,ETH,historical price unavailable,2026-09-01T19:54:23Z,UNKNOWN,UNKNOWN,https://etherscan.io/tx/0xa6e5731a5c8d80f97b9c6f1e87735525d2a909bf1ed557292ad0433bbc13dffd,unknown,ETH,ETH,ETH,
0xf4c44001443e24540e14a80feef0ba5d47070bd255d405f3a44a28621a5592c1,0x307576dd4f73f91bb8c4a2edb762938e8e067d31,0xdac17f958d2ee523a2206206994597c13d831ec7,0.0,ETH,historical price unavailable,2026-09-01T19:55:23Z,UNKNOWN,UNKNOWN,https://etherscan.io/tx/0xf4c44001443e24540e14a80feef0ba5d47070bd255d405f3a44a28621a5592c1,unknown,ETH,ETH,ETH,
0xf0dd3afe0dc7f12396ee0948bfaec46c4fc80eaf83450db720902af04c058154,0xb9623632c4e6de8b97b28b4ac928eaf62177d301,0xa0b86991c6218b36c1d19d4a2e9eb0ce3606eb48,0.0,ETH,historical price unavailable,2026-09-01T19:55:47Z,UNKNOWN,UNKNOWN,https://etherscan.io/tx/0xf0dd3afe0dc7f12396ee0948bfaec46c4fc80eaf83450db720902af04c058154,unknown,ETH,ETH,ETH,
0xe766d5134100e5dcb5c62581e40f709627ae745bec534934eb6690b5bec13ebe,0x307576dd4f73f91bb8c4a2edb762938e8e067d31,0xa0b86991c6218b36c1d19d4a2e9eb0ce3606eb48,0.0,ETH,historical price unavailable,2026-09-01T19:55:47Z,UNKNOWN,UNKNOWN,https://etherscan.io/tx/0xe766d5134100e5dcb5c62581e40f709627ae745bec534934eb6690b5bec13ebe,unknown,ETH,ETH,ETH,
0x6fad25e65bb16d2b4d78e3deda49f5dbe2154ba6ee8d19addc89584e4d82cfc8,0xb9623632c4e6de8b97b28b4ac928eaf62177d301,0x307576dd4f73f91bb8c4a2edb762938e8e067d31,0.009979647377395,ETH,historical price unavailable,2026-09-01T19:55:59Z,UNKNOWN,UNKNOWN,https://etherscan.io/tx/0x6fad25e65bb16d2b4d78e3deda49f5dbe2154ba6ee8d19addc89584e4d82cfc8,suspicious_flow,ETH,ETH,ETH,
0x3adb1563b16bbc578de24b9b41a72f3438b6a609b38f8755100169a528d89e0c,0x8d18d00074dd99de3e3f22210b705b9b0a19835a,0xb9623632c4e6de8b97b28b4ac928eaf62177d301,0.00998967272165864,ETH,historical price unavailable,2026-09-01T19:58:23Z,UNKNOWN,UNKNOWN,https://etherscan.io/tx/0x3adb1563b16bbc578de24b9b41a72f3438b6a609b38f8755100169a528d89e0c,suspicious_flow,ETH,ETH,ETH,
0x3d3fa178a496bfeb77426e80eb95c3414013213f2be3c14ed14bd7d8c797bbbf,0x307576dd4f73f91bb8c4a2edb762938e8e067d31,0x82db51d10f8c60566649eb760f9bde86289907c4,0.096114573362862,ETH,historical price unavailable,2026-09-01T19:58:23Z,UNKNOWN,UNKNOWN,https://etherscan.io/tx/0x3d3fa178a496bfeb77426e80eb95c3414013213f2be3c14ed14bd7d8c797bbbf,suspicious_flow,ETH,ETH,ETH,
0x884a6f4cc9379dc43aa0f6f591da7694e31a1e8aa7e71890e750076a81109abd,0x307576dd4f73f91bb8c4a2edb762938e8e067d31,0x859608ce0c6883b7b42c73766471c9fd190da7e0,0.025692994531094512,ETH,historical price unavailable,2026-09-01T19:58:23Z,UNKNOWN,UNKNOWN,https://etherscan.io/tx/0x884a6f4cc9379dc43aa0f6f591da7694e31a1e8aa7e71890e750076a81109abd,suspicious_flow,ETH,ETH,ETH,
0xe975362631bf1a1343fff56d865b54ab0667eeab7ac331f42bf8c351bab8e1aa,0x307576dd4f73f91bb8c4a2edb762938e8e067d31,0xa0b86991c6218b36c1d19d4a2e9eb0ce3606eb48,0.0,ETH,historical price unavailable,2026-09-01T19:58:47Z,UNKNOWN,UNKNOWN,https://etherscan.io/tx/0xe975362631bf1a1343fff56d865b54ab0667eeab7ac331f42bf8c351bab8e1aa,unknown,ETH,ETH,ETH,
0x30c8e2704f40265551f17f9ecba95d92ecfadb82052766e1eeac178ee98e3923,0x307576dd4f73f91bb8c4a2edb762938e8e067d31,0x19aefbd2deddec24b87bf1b50445f1c6a17154fe,0.0331583326834059,ETH,historical price unavailable,2026-09-01T19:59:11Z,UNKNOWN,UNKNOWN,https://etherscan.io/tx/0x30c8e2704f40265551f17f9ecba95d92ecfadb82052766e1eeac178ee98e3923,suspicious_flow,ETH,ETH,ETH,
0x91c32b3941a92dcd8e98a0f8017bd731c7bc26a80875fa06302a55c8b2eef28c,0xb9623632c4e6de8b97b28b4ac928eaf62177d301,0xa0b86991c6218b36c1d19d4a2e9eb0ce3606eb48,0.0,ETH,historical price unavailable,2026-09-01T19:59:23Z,UNKNOWN,UNKNOWN,https://etherscan.io/tx/0x91c32b3941a92dcd8e98a0f8017bd731c7bc26a80875fa06302a55c8b2eef28c,unknown,ETH,ETH,ETH,
0xe24d09f0a0eb1dac40b49b12b9b087c980ef29755ecea0f857e94229b24984de,0xb9623632c4e6de8b97b28b4ac928eaf62177d301,0x307576dd4f73f91bb8c4a2edb762938e8e067d31,0.009986809855543,ETH,historical price unavailable,2026-09-01T19:59:47Z,UNKNOWN,UNKNOWN,https://etherscan.io/tx/0xe24d09f0a0eb1dac40b49b12b9b087c980ef29755ecea0f857e94229b24984de,suspicious_flow,ETH,ETH,ETH,
0xfe6415302d163dd1c1c9ac55f7a3986cdf67dc003cbe629516676f78a450cccc,0x307576dd4f73f91bb8c4a2edb762938e8e067d31,0xdac17f958d2ee523a2206206994597c13d831ec7,0.0,ETH,historical price unavailable,2026-09-01T19:59:47Z,UNKNOWN,UNKNOWN,https://etherscan.io/tx/0xfe6415302d163dd1c1c9ac55f7a3986cdf67dc003cbe629516676f78a450cccc,unknown,ETH,ETH,ETH,
0x2c8b08d000229761910c777dc9aa23764abe64b09fe0ab5726ae5927cc48a117,0x307576dd4f73f91bb8c4a2edb762938e8e067d31,0xb59d9e7132723fc25955f7fcd46b3159eefd65c4,0.017155286504618544,ETH,historical price unavailable,2026-09-01T20:01:23Z,UNKNOWN,UNKNOWN,https://etherscan.io/tx/0x2c8b08d000229761910c777dc9aa23764abe64b09fe0ab5726ae5927cc48a117,suspicious_flow,ETH,ETH,ETH,
0xc7cfdf9bd1dceaa3834b4cd10c334d99819cbbf9b3a49b4794eeec12ee5d827e,0x307576dd4f73f91bb8c4a2edb762938e8e067d31,0x435ad43197b4985a23790dfed52b513c237eb20c,0.056725715503708,ETH,historical price unavailable,2026-09-01T20:01:23Z,UNKNOWN,UNKNOWN,https://etherscan.io/tx/0xc7cfdf9bd1dceaa3834b4cd10c334d99819cbbf9b3a49b4794eeec12ee5d827e,suspicious_flow,ETH,ETH,ETH,
0x987a59216dc7f566c7aaff603991882b022ed3d24a8da6474457b87853200d65,0x307576dd4f73f91bb8c4a2edb762938e8e067d31,0xd7572c470cebb049c9a04904e35fcdfc28ad3508,0.455543603898818,ETH,historical price unavailable,2026-09-01T20:03:47Z,UNKNOWN,UNKNOWN,https://etherscan.io/tx/0x987a59216dc7f566c7aaff603991882b022ed3d24a8da6474457b87853200d65,suspicious_flow,ETH,ETH,ETH,
0xc3f2ce60ee3f55fa5f76b319f5950ea28c1d720356c8cd4440cbb3c3cf75b327,0x307576dd4f73f91bb8c4a2edb762938e8e067d31,0x9b1f9d5caae34b0b8c9ebeb6181577cb41e831ca,0.041393895985037,ETH,historical price unavailable,2026-09-01T20:03:59Z,UNKNOWN,UNKNOWN,https://etherscan.io/tx/0xc3f2ce60ee3f55fa5f76b319f5950ea28c1d720356c8cd4440cbb3c3cf75b327,suspicious_flow,ETH,ETH,ETH,
0xeab694b2bddd9b84df4131391a12bfa9645a96d125b8b270bb3332a840e072c9,0x307576dd4f73f91bb8c4a2edb762938e8e067d31,0x859608ce0c6883b7b42c73766471c9fd190da7e0,0.15517153051316657,ETH,historical price unavailable,2026-09-01T20:05:59Z,UNKNOWN,UNKNOWN,https://etherscan.io/tx/0xeab694b2bddd9b84df4131391a12bfa9645a96d125b8b270bb3332a840e072c9,suspicious_flow,ETH,ETH,ETH,
0x8a1bdb882049d793efc9e833bde27b9598bf8df00fe60e3a47ac8d5b0be6aee7,0x307576dd4f73f91bb8c4a2edb762938e8e067d31,0x527a4249a1e12f522af200aec464990b865e57c7,0.025421522712628545,ETH,historical price unavailable,2026-09-01T20:07:11Z,UNKNOWN,UNKNOWN,https://etherscan.io/tx/0x8a1bdb882049d793efc9e833bde27b9598bf8df00fe60e3a47ac8d5b0be6aee7,suspicious_flow,ETH,ETH,ETH,
0xe5f31a9c6120b27023226379061fe6228948ae57f5f9b4a28802bec9b3850adf,0x307576dd4f73f91bb8c4a2edb762938e8e067d31,0x3e221a323644f4cc95fa546fd1b624fc105dd40c,0.480151207526539,ETH,historical price unavailable,2026-09-01T20:07:35Z,UNKNOWN,UNKNOWN,https://etherscan.io/tx/0xe5f31a9c6120b27023226379061fe6228948ae57f5f9b4a28802bec9b3850adf,suspicious_flow,ETH,ETH,ETH,
0x1ed9be15bb32082bf70299073ce526bfeb6e5166eb8a9f384ae4bfbe21a356e0,0x307576dd4f73f91bb8c4a2edb762938e8e067d31,0x0806fd7539d91c16ca7e338b78f4d6d7e4f272c3,0.12423719305439901,ETH,historical price unavailable,2026-09-01T20:07:35Z,UNKNOWN,UNKNOWN,https://etherscan.io/tx/0x1ed9be15bb32082bf70299073ce526bfeb6e5166eb8a9f384ae4bfbe21a356e0,suspicious_flow,ETH,ETH,ETH,
0x34b2a87178711be6352ee93c1c9fde33d5260f0c97a458872b9418ccb3e17f99,0x307576dd4f73f91bb8c4a2edb762938e8e067d31,0x0806fd7539d91c16ca7e338b78f4d6d7e4f272c3,0.082823894259242,ETH,historical price unavailable,2026-09-01T20:07:35Z,UNKNOWN,UNKNOWN,https://etherscan.io/tx/0x34b2a87178711be6352ee93c1c9fde33d5260f0c97a458872b9418ccb3e17f99,suspicious_flow,ETH,ETH,ETH,
0x8d6e7b9f40e18e7912112bbaecc6f964052b51fc90048b81f0e8147ce7c5788d,0x307576dd4f73f91bb8c4a2edb762938e8e067d31,0xa0b86991c6218b36c1d19d4a2e9eb0ce3606eb48,0.0,ETH,historical price unavailable,2026-09-01T20:07:35Z,UNKNOWN,UNKNOWN,https://etherscan.io/tx/0x8d6e7b9f40e18e7912112bbaecc6f964052b51fc90048b81f0e8147ce7c5788d,unknown,ETH,ETH,ETH,
0x8ae693dc861ef92be5ceab0f676d2681609dfe8deaf25b4eaa4357f118342c86,0x307576dd4f73f91bb8c4a2edb762938e8e067d31,0xdac17f958d2ee523a2206206994597c13d831ec7,0.0,ETH,historical price unavailable,2026-09-01T20:07:47Z,UNKNOWN,UNKNOWN,https://etherscan.io/tx/0x8ae693dc861ef92be5ceab0f676d2681609dfe8deaf25b4eaa4357f118342c86,unknown,ETH,ETH,ETH,
0xd9aa11e91569d90bf9f61051b1a45593ff0fb278d3e233e355c829cb3783c4e4,0x307576dd4f73f91bb8c4a2edb762938e8e067d31,0xa0b86991c6218b36c1d19d4a2e9eb0ce3606eb48,0.0,ETH,historical price unavailable,2026-09-01T20:07:59Z,UNKNOWN,UNKNOWN,https://etherscan.io/tx/0xd9aa11e91569d90bf9f61051b1a45593ff0fb278d3e233e355c829cb3783c4e4,unknown,ETH,ETH,ETH,
0x9ae447768649282375c4fd1652d65e8888262d5bd20f1ebcd4c995fa7971b619,0x307576dd4f73f91bb8c4a2edb762938e8e067d31,0x816a30f0ea6c8d7ccf80b63403f07817b4022230,0.372685532329746,ETH,historical price unavailable,2026-09-01T20:09:11Z,UNKNOWN,UNKNOWN,https://etherscan.io/tx/0x9ae447768649282375c4fd1652d65e8888262d5bd20f1ebcd4c995fa7971b619,suspicious_flow,ETH,ETH,ETH,
0xe8a82cabbfca1f0209b14e9559e1f3377b7120b7c3ce5894a3638d36437d5382,0x307576dd4f73f91bb8c4a2edb762938e8e067d31,0xdac17f958d2ee523a2206206994597c13d831ec7,0.0,ETH,historical price unavailable,2026-09-01T20:09:23Z,UNKNOWN,UNKNOWN,https://etherscan.io/tx/0xe8a82cabbfca1f0209b14e9559e1f3377b7120b7c3ce5894a3638d36437d5382,unknown,ETH,ETH,ETH,
0x38f53f77cd00101c0f13a9f53c361ab7cfb62b832aeaf18176d30cd9ca6e0c7f,0x307576dd4f73f91bb8c4a2edb762938e8e067d31,0x82c9bea1995e826a79167531531d5ba7d4b70db4,0.04140713865883,ETH,historical price unavailable,2026-09-01T20:10:11Z,UNKNOWN,UNKNOWN,https://etherscan.io/tx/0x38f53f77cd00101c0f13a9f53c361ab7cfb62b832aeaf18176d30cd9ca6e0c7f,suspicious_flow,ETH,ETH,ETH,
